time,ticks,tempo_hz,hdr_ms_tick,whole_ms,vnn_update_ms,snap_ms,snap_pct_log,snap_calls,ratio_calc
19:49:15,1471,24.514,9.4,9.34,0.57,0.0,0.0,0.0,
19:50:15,2763,23.018,16.8,16.82,1.1,0.1,0.6,0.3,0.5945303210463734
19:51:15,3564,19.782,42.1,42.06,4.4,9.38,22.3,0.5,22.30147408464099
19:52:15,4220,17.569,34.8,34.82,4.58,9.05,26.0,0.6,25.99080987937967
19:53:15,4758,15.85,60.1,60.11,7.52,11.62,19.3,0.5,19.331226085509897
19:54:15,5322,14.766,70.3,70.29,18.79,24.97,35.5,0.7,35.52425665101721
19:55:15,5805,13.807,59.8,59.78,13.67,25.26,42.2,0.7,42.25493476078956
19:56:15,6231,12.965,111.4,111.37,17.0,45.2,40.6,1.0,40.58543593427314
19:57:15,6605,12.217,93.3,93.25,15.81,33.07,35.5,0.9,35.46380697050938
19:58:15,6981,11.618,100.8,100.82,22.19,38.32,38.0,1.0,38.00833168022218
19:59:16,7353,11.123,85.7,85.73,14.04,46.42,54.1,0.9,54.14673976437653
20:00:16,7728,10.717,94.8,94.84,18.48,41.62,43.9,1.0,43.884436946436104
20:01:16,8070,10.331,85.5,85.45,12.75,41.5,48.6,1.0,48.56641310708016
20:02:16,8393,9.977,70.0,70.02,12.58,42.9,61.3,0.9,61.26820908311911
20:03:16,8715,9.668,87.1,87.08,21.52,38.1,43.7,1.0,43.75287092328893
20:04:16,9042,9.404,84.3,84.26,16.39,44.5,52.8,1.0,52.81272252551626
20:05:17,9312,9.105,1103.6,1103.56,13.99,282.24,25.6,5.0,25.575410489687922
20:06:17,9524,8.795,59.4,59.39,13.81,39.84,67.1,0.9,67.08200033675703
20:07:18,9912,8.672,94.8,94.84,17.57,40.66,42.9,1.0,42.87220582032897
20:08:18,10304,8.564,52.2,52.23,19.24,33.24,63.6,0.7,63.64158529580701
20:09:18,10697,8.468,41.7,41.73,13.54,39.56,94.8,0.8,94.79990414569855
20:10:18,11085,8.377,43.2,43.21,14.26,32.07,74.2,0.8,74.21893080305485
20:11:18,11479,8.298,45.3,45.31,17.21,36.64,80.9,0.8,80.8651511807548
20:12:18,11863,8.219,61.4,61.41,13.34,33.86,55.1,0.9,55.13759973945612
20:13:18,12242,8.142,50.8,50.78,14.95,41.96,82.6,0.9,82.63095706971248
20:14:18,12611,8.065,52.8,52.76,23.97,37.06,70.2,0.9,70.2426080363912
20:15:18,12965,7.985,123.1,123.06,15.63,62.94,51.1,1.5,51.14578254509995
20:16:18,13238,7.862,67.4,67.4,16.96,35.4,52.5,1.0,52.52225519287833
20:17:19,13616,7.807,63.1,63.04,12.41,43.89,69.6,0.9,69.62246192893402
20:18:19,13988,7.753,55.5,55.45,15.31,45.26,81.6,0.9,81.62308385933272
20:19:19,14357,7.701,53.6,53.6,20.22,38.43,71.7,0.8,71.69776119402985
20:20:19,14726,7.653,50.1,50.14,16.52,33.41,66.6,0.8,66.63342640606301
20:21:19,15091,7.605,44.2,44.17,14.16,46.74,105.8,0.9,105.81842879782657
20:22:19,15452,7.558,68.3,68.29,23.79,38.11,55.8,0.9,55.80612095475179
20:23:19,15808,7.511,60.7,60.65,26.71,43.23,71.3,0.9,71.27782357790602
20:24:19,16156,7.464,45.9,45.93,16.16,45.04,98.0,0.9,98.06226866971478
20:25:20,16482,7.407,270.7,270.7,21.74,107.37,39.7,2.2,39.66383450314001
20:26:20,16748,7.328,54.8,54.75,12.42,39.57,72.3,1.0,72.27397260273973
20:27:20,17092,7.287,46.1,46.09,14.76,38.6,83.7,0.9,83.7491863744847
20:28:20,17430,7.245,60.9,60.9,14.66,45.84,75.2,1.0,75.27093596059113
20:29:20,17767,7.206,51.6,51.61,16.33,48.73,94.4,1.0,94.41968610734354
20:30:20,18107,7.169,50.7,50.69,14.01,47.63,93.9,1.0,93.9633063720655
20:31:21,18444,7.132,60.6,60.58,18.38,49.76,82.1,1.0,82.13931990756025
20:32:21,18781,7.098,46.9,46.93,10.95,46.99,100.1,0.9,100.12784998934583
20:33:21,19115,7.063,56.3,56.29,13.86,37.65,66.9,0.9,66.88577011902647
20:34:21,19457,7.034,50.0,50.02,17.27,47.49,94.9,1.0,94.9420231907237
20:35:22,19776,6.995,311.7,311.66,21.57,113.04,36.3,2.6,36.270294551755114
20:36:22,20034,6.938,77.7,77.67,15.11,56.06,72.2,1.1,72.17715977855028
20:37:22,20358,6.907,52.8,52.77,13.26,42.58,80.7,1.0,80.68978586317984
20:38:22,20682,6.876,72.2,72.23,14.16,47.01,65.1,1.1,65.08376021043887
20:39:22,21006,6.847,65.0,65.0,11.55,52.27,80.4,1.0,80.41538461538461
20:40:23,21331,6.82,53.3,53.31,14.86,44.35,83.2,0.9,83.19264678296754
20:41:23,21660,6.794,63.2,63.18,18.69,51.62,81.7,1.0,81.70307059195949
20:42:23,21996,6.772,70.3,70.31,20.0,46.66,66.3,1.2,66.36324847105675
20:43:23,22331,6.75,46.7,46.64,16.84,44.51,95.4,0.9,95.43310463121784
20:44:23,22663,6.728,48.2,48.24,18.35,32.84,68.1,0.9,68.07628524046436
20:45:24,22962,6.696,356.5,356.46,22.11,124.82,35.0,2.7,35.01655164674859
20:46:24,23222,6.655,49.2,49.14,17.19,42.87,87.2,1.0,87.24053724053724
20:47:24,23547,6.634,49.0,48.95,15.77,48.71,99.5,0.9,99.50970377936669
20:48:24,23871,6.613,48.1,48.06,17.75,49.05,102.0,1.0,102.05992509363296
20:49:25,24198,6.594,73.1,73.09,29.98,51.43,70.4,1.0,70.36530305103297
20:50:25,24522,6.574,55.8,55.79,18.2,47.33,84.8,1.0,84.83599211328195
20:51:25,24852,6.557,55.3,55.32,18.73,42.48,76.8,1.1,76.78958785249458
20:52:25,25157,6.534,40.9,40.92,11.73,41.07,100.3,0.9,100.366568914956
20:53:25,25434,6.505,76.7,76.66,21.91,67.2,87.6,1.2,87.65979650404384
20:54:25,25698,6.473,77.0,76.97,16.69,65.12,84.6,1.2,84.60439132129402
20:55:25,25926,6.432,304.9,304.85,20.21,130.37,42.8,2.7,42.76529440708545
20:56:25,26121,6.385,63.2,63.19,18.83,56.14,88.8,1.3,88.84317138787783
20:57:25,26382,6.356,58.9,58.9,16.57,63.07,107.1,1.2,107.07979626485569
20:58:26,26654,6.329,52.6,52.57,12.17,52.92,100.6,1.1,100.66577896138482
20:59:26,26933,6.306,46.8,46.76,14.03,48.35,103.4,0.9,103.40034217279727
21:00:26,27228,6.286,65.3,65.25,14.18,52.68,80.7,1.0,80.73563218390805
21:01:26,27528,6.269,53.6,53.56,11.93,57.27,106.9,1.1,106.92681105302464
21:02:26,27834,6.252,69.0,68.94,17.23,62.21,90.2,1.1,90.23788801856688
21:03:26,28142,6.237,59.4,59.41,20.02,49.79,83.8,1.0,83.8074398249453
21:04:27,28446,6.222,77.8,77.83,30.7,67.05,86.1,1.2,86.1492997558782
21:05:27,28710,6.198,421.3,421.32,27.64,183.3,43.5,3.3,43.506123611506695
21:06:27,28953,6.17,90.7,90.69,19.5,70.88,78.1,1.4,78.15635681993605
21:07:27,29249,6.154,49.9,49.93,17.31,44.07,88.2,1.0,88.26356899659524
21:08:27,29534,6.137,64.1,64.09,16.54,60.27,94.0,1.2,94.03963176782649
21:09:27,29828,6.121,61.6,61.56,14.22,61.32,99.6,1.1,99.61013645224172
21:10:27,30116,6.105,71.6,71.56,16.11,59.04,82.5,1.0,82.5041922861934
21:11:28,30402,6.088,73.9,73.85,15.8,60.83,82.4,1.1,82.3696682464455
21:12:28,30689,6.073,46.7,46.71,18.88,49.71,106.4,1.0,106.42260757867695
21:13:28,30975,6.057,55.0,55.03,17.84,55.08,100.1,1.1,100.09085953116482
21:14:28,31262,6.043,58.9,58.91,19.59,59.23,100.5,1.1,100.54320149380412
21:15:28,31512,6.021,358.2,358.16,14.73,160.75,44.9,2.8,44.88217556399374
21:16:29,31746,5.997,62.8,62.82,14.42,53.89,85.8,1.1,85.78478191658708
21:17:29,32040,5.984,66.8,66.74,13.29,56.92,85.3,1.1,85.2861851962841
21:18:29,32336,5.972,59.2,59.23,18.54,58.2,98.2,1.0,98.26101637683607
21:19:29,32630,5.96,53.3,53.31,19.61,53.86,101.0,1.0,101.03170136934908
21:20:29,32923,5.949,56.5,56.48,16.48,54.02,95.6,1.1,95.6444759206799
21:21:29,33222,5.938,78.1,78.07,16.72,58.46,74.9,1.1,74.88151658767774
21:22:30,33527,5.929,50.7,50.7,18.03,58.84,116.0,1.0,116.05522682445759
21:23:30,33833,5.92,50.8,50.8,16.61,52.43,103.2,0.9,103.20866141732284
21:24:30,34126,5.909,64.7,64.51,20.79,53.84,83.2,0.9,83.45992869322585
21:25:31,34380,5.891,384.5,384.51,22.53,173.7,45.2,3.0,45.17437777951159
21:26:31,34620,5.871,62.0,62.02,14.33,59.41,95.8,1.1,95.79168010319252
21:27:31,34914,5.861,66.9,66.88,23.96,74.74,111.7,1.2,111.75239234449761
21:28:31,35198,5.85,55.7,55.69,15.4,71.8,128.9,1.2,128.92799425390555
21:29:32,35490,5.84,65.6,65.61,16.91,52.85,80.5,1.0,80.55174516079866
21:30:32,35790,5.832,56.9,56.91,18.95,51.85,91.1,0.9,91.10876823053945
21:31:32,36075,5.821,55.8,55.75,15.83,61.36,110.0,1.0,110.0627802690583
21:32:32,36363,5.811,50.0,49.99,16.78,66.16,132.3,1.0,132.34646929385877
21:33:32,36644,5.8,59.3,59.31,16.52,57.44,96.8,1.0,96.84707469229473
21:34:32,36933,5.791,71.7,71.68,19.26,55.59,77.5,1.0,77.55301339285714
21:35:32,37176,5.775,356.5,356.5,23.5,174.25,48.9,2.9,48.87798036465638
21:36:32,37412,5.758,55.0,54.96,13.38,62.28,113.3,1.1,113.31877729257641
21:37:32,37691,5.748,47.7,47.67,16.18,64.85,136.0,1.0,136.0394378015523
21:38:32,37975,5.738,65.2,65.21,24.19,49.81,76.4,0.9,76.38399018555437
21:39:32,38258,5.729,54.2,54.15,14.82,59.46,109.8,1.0,109.80609418282549
21:40:32,38536,5.719,70.7,70.67,15.12,59.65,84.4,1.1,84.40639592472053
21:41:33,38815,5.71,52.8,52.79,14.09,67.2,127.3,1.1,127.29683652206857
21:42:33,39097,5.701,67.3,67.31,23.4,69.31,103.0,1.2,102.97132669737037
21:43:33,39376,5.692,53.5,53.52,16.02,69.32,129.5,1.0,129.5216741405082
21:44:33,39659,5.683,52.0,51.99,18.12,56.62,108.9,1.0,108.90555876130024
21:45:33,39890,5.668,326.6,326.62,20.4,179.13,54.8,2.9,54.84354907843978
21:46:33,40112,5.651,75.5,75.47,22.71,73.84,97.8,1.2,97.8402014045316
21:47:33,40383,5.641,73.2,73.16,30.24,68.3,93.3,1.1,93.35702569710224
21:48:33,40650,5.631,67.6,67.57,21.01,66.87,98.9,1.1,98.9640372946574
21:49:33,40919,5.622,55.2,55.14,18.81,59.31,107.5,1.0,107.56256800870511
21:50:33,41190,5.613,81.6,81.62,26.45,77.12,94.5,1.2,94.48664543004165
21:51:34,41457,5.603,75.2,75.17,30.41,55.26,73.5,1.0,73.51336969535718
21:52:34,41718,5.593,67.2,67.22,18.11,68.57,102.0,1.1,102.00833085391251
21:53:34,41985,5.584,72.3,72.31,19.95,78.74,108.9,1.1,108.89226939565756
21:54:34,42249,5.574,60.7,60.64,16.41,75.06,123.8,1.2,123.7796833773087
21:55:34,42470,5.559,318.4,318.37,29.28,156.21,49.1,2.5,49.06555265885605
21:56:34,42692,5.545,81.4,81.28,21.17,71.84,88.2,1.2,88.38582677165354
21:57:34,42953,5.535,46.2,46.16,18.95,64.19,139.0,1.1,139.05979202772966
21:58:34,43208,5.526,66.1,66.07,13.69,80.47,121.8,1.2,121.7950658392614
21:59:34,43464,5.516,80.2,80.22,24.12,73.13,91.1,1.1,91.16180503615058
22:00:35,43732,5.508,57.8,57.74,14.3,74.87,129.6,1.1,129.66747488742638
22:01:35,43986,5.498,68.2,67.93,16.31,76.82,112.6,1.2,113.08700132489325
22:02:35,44246,5.49,56.6,56.56,15.51,68.68,121.4,1.1,121.42857142857144
22:03:35,44496,5.48,74.7,74.68,20.05,79.81,106.8,1.1,106.869309051955
22:04:35,44756,5.471,65.7,65.66,22.69,86.0,130.9,1.2,130.97776424002438
22:05:35,44972,5.457,371.5,371.46,22.84,186.51,50.2,2.9,50.20998223227266
22:06:35,45185,5.444,59.5,59.49,22.93,67.28,113.1,1.0,113.0946377542444
22:07:35,45439,5.435,72.9,72.94,24.77,72.91,99.9,1.1,99.95887030435975
22:08:35,45694,5.426,53.3,52.5,16.83,64.2,120.4,1.0,122.28571428571429
22:09:35,45945,5.418,71.2,71.23,21.6,67.95,95.4,1.2,95.39519865225326
22:10:36,46202,5.409,63.1,63.06,15.98,74.88,118.7,1.1,118.74405328258801
22:11:36,46461,5.402,68.7,68.72,16.5,68.62,99.8,1.1,99.85448195576252
22:12:36,46719,5.394,59.7,59.68,24.43,63.13,105.8,1.0,105.78083109919571
22:13:36,46986,5.387,64.5,64.47,21.51,67.98,105.4,1.1,105.44439274080968
22:14:36,47252,5.381,69.2,69.14,24.74,64.59,93.4,1.0,93.41914955163436
22:15:38,47472,5.368,414.9,414.87,26.19,205.82,49.6,3.2,49.61072143080965
22:16:38,47707,5.358,66.9,66.93,20.18,69.93,104.5,1.0,104.48229493500672
22:17:38,47974,5.352,71.5,71.45,28.46,71.77,100.4,1.0,100.44786564030791
22:18:38,48236,5.346,58.0,58.03,14.33,65.91,113.6,1.1,113.57918318111321
22:19:38,48506,5.34,52.6,52.6,19.02,66.73,126.8,1.0,126.86311787072243
22:20:38,48783,5.335,61.7,61.72,18.63,66.49,107.7,1.0,107.72845106934543
22:21:38,49054,5.33,58.4,58.42,15.65,70.97,121.5,1.0,121.48236905169462
22:22:38,49314,5.323,79.4,79.36,16.8,76.88,96.9,1.2,96.875
22:23:38,49580,5.318,89.8,89.78,18.58,85.18,94.9,1.2,94.87636444642459
22:24:39,49848,5.312,76.0,75.95,22.79,69.69,91.7,1.2,91.7577353522054
22:25:39,50054,5.3,345.6,345.63,22.26,186.62,54.0,2.8,53.99415559991899
22:26:39,50278,5.29,61.1,61.09,17.84,63.93,104.6,1.0,104.64887870355213
22:27:39,50542,5.284,60.8,60.79,12.92,67.96,111.8,1.0,111.79470307616383
22:28:39,50808,5.279,81.8,81.76,20.07,72.84,89.1,1.2,89.09001956947162
22:29:39,51075,5.274,66.3,66.09,18.61,70.99,107.1,1.0,107.4141322439098
22:30:39,51304,5.265,120.8,120.81,18.88,75.55,62.5,1.3,62.536213889578676
22:31:39,51524,5.255,136.4,136.34,29.46,90.16,66.1,1.5,66.12879565791404
22:32:39,51748,5.246,102.7,102.65,18.52,86.98,84.7,1.3,84.73453482708231
22:33:39,52013,5.241,62.9,62.87,21.89,71.68,114.0,1.0,114.01304278670274
22:34:39,52285,5.236,77.6,77.55,23.4,70.59,91.0,1.1,91.02514506769826
22:35:40,52498,5.226,312.7,312.69,27.85,163.25,52.2,2.5,52.208257379513256
22:36:40,52728,5.218,66.3,66.24,17.46,71.57,108.0,1.1,108.04649758454106
22:37:40,53006,5.214,65.5,65.48,19.46,63.89,97.6,0.9,97.5717776420281
22:38:40,53284,5.211,65.3,65.27,28.36,82.27,126.0,1.1,126.04565650375365
22:39:40,53566,5.208,72.4,72.38,15.38,76.65,105.9,1.1,105.89941972920698
22:40:40,53847,5.205,64.2,64.23,18.49,84.92,132.2,1.1,132.2123618246925
22:41:40,54119,5.201,64.1,64.12,20.18,66.34,103.4,1.0,103.46225826575171
22:42:40,54396,5.197,77.2,77.2,21.54,74.92,97.0,1.0,97.04663212435233
22:43:41,54678,5.195,66.6,66.62,18.75,71.98,108.0,1.0,108.04563194235965
22:44:41,54953,5.191,59.0,59.02,18.09,62.43,105.8,0.9,105.7777024737377
22:45:42,55164,5.181,459.9,459.87,35.19,223.78,48.7,3.3,48.66157827212038
22:46:42,55406,5.175,71.8,71.74,18.94,71.94,100.3,1.0,100.27878449958183
22:47:42,55682,5.171,61.0,61.0,17.85,61.35,100.6,0.9,100.57377049180327
22:48:42,55965,5.169,88.9,88.86,33.03,93.75,105.5,1.1,105.50303848750845
22:49:42,56244,5.166,74.1,74.11,17.3,81.0,109.3,1.1,109.2969909593847
22:50:42,56518,5.163,62.8,62.73,19.98,73.89,117.7,1.1,117.79053084648494
22:51:42,56778,5.158,82.8,82.78,26.64,79.63,96.2,1.1,96.19473302730128
22:52:43,57045,5.154,49.2,49.16,15.13,61.62,125.3,0.9,125.34580960130188
22:53:43,57318,5.151,75.3,75.3,30.78,75.32,100.0,1.1,100.02656042496679
22:54:43,57589,5.147,81.3,81.25,28.75,84.78,104.3,1.1,104.34461538461538
22:55:43,57796,5.138,370.2,370.19,25.34,219.75,59.4,2.8,59.361409006186015
22:56:43,58033,5.132,78.8,78.75,20.24,80.64,102.4,1.1,102.4
22:57:43,58301,5.128,73.7,73.67,15.72,87.28,118.4,1.1,118.47427718202796
22:58:43,58573,5.125,67.1,67.04,20.07,75.15,112.1,1.0,112.0972553699284
22:59:43,58846,5.122,61.2,61.18,18.11,72.56,118.6,0.9,118.60084995096437
23:00:43,59118,5.119,95.7,95.69,33.41,74.84,78.2,1.1,78.21088933012854
23:01:44,59394,5.116,72.5,72.49,23.5,80.72,111.3,1.0,111.35329010898056
23:02:44,59664,5.113,72.5,72.52,16.59,79.83,110.1,1.1,110.0799779371208
23:03:44,59932,5.11,73.6,73.56,25.29,75.75,103.0,1.0,102.97716150081565
23:04:44,60200,5.106,75.5,75.44,26.06,65.03,86.2,0.9,86.20095440084836
23:05:45,60402,5.097,511.9,511.87,28.06,257.32,50.3,3.5,50.270576513567896
23:06:45,60637,5.091,68.4,68.37,21.0,62.65,91.6,1.0,91.63375749597776
23:07:45,60900,5.087,103.5,103.45,14.59,93.14,90.0,1.2,90.03383276945384
23:08:45,61161,5.084,77.3,77.32,27.35,79.64,103.0,1.1,103.00051733057424
23:09:45,61415,5.079,66.2,66.16,24.33,75.63,114.3,1.0,114.31378476420798
23:10:46,61671,5.075,58.3,58.25,21.14,69.82,119.8,0.9,119.862660944206
23:11:46,61927,5.071,80.3,80.24,20.05,64.7,80.6,1.1,80.63310069790629
23:12:46,62179,5.067,68.4,68.35,22.89,83.49,122.1,1.1,122.15069495245064
23:13:46,62439,5.063,75.4,75.42,16.52,83.31,110.4,1.1,110.46141607000796
23:14:46,62692,5.059,75.6,75.54,22.16,106.68,141.2,1.2,141.22319301032564
23:15:47,62874,5.049,509.6,509.6,20.71,257.77,50.6,3.7,50.58281004709576
23:16:47,63100,5.043,67.8,67.79,14.17,81.65,120.4,1.1,120.44549343560998
23:17:47,63354,5.039,77.6,77.63,18.67,80.77,104.0,1.1,104.04482803040062
23:18:48,63620,5.036,80.4,80.4,22.56,79.4,98.7,1.1,98.75621890547264
23:19:48,63888,5.033,83.0,83.01,25.07,87.38,105.2,1.1,105.26442597277436
23:20:48,64152,5.03,89.6,89.58,26.39,87.03,97.1,1.1,97.15338245144005
23:21:48,64418,5.027,70.3,70.31,27.18,74.74,106.3,1.1,106.30066846821218
23:22:48,64677,5.024,87.4,87.35,27.88,85.98,98.4,1.1,98.43159702346881
23:23:49,64943,5.021,55.3,55.24,10.85,74.23,134.3,1.0,134.37726285300508
23:24:49,65202,5.018,107.2,107.24,21.29,104.59,97.5,1.3,97.5289071242074
23:25:50,65382,5.008,496.3,496.25,20.8,259.55,52.3,3.5,52.30226700251889
23:26:50,65618,5.003,74.5,74.53,22.45,89.56,120.2,1.1,120.16637595599087
23:27:50,65868,4.999,74.9,74.87,20.35,79.47,106.1,1.1,106.14398290369974
23:28:50,66117,4.995,73.7,73.73,14.27,89.9,121.9,1.2,121.9313712193137
23:29:50,66365,4.991,70.4,70.35,23.07,79.74,113.3,1.2,113.34754797441364
23:30:51,66608,4.987,85.7,85.64,20.13,93.72,109.4,1.3,109.43484353106025
23:31:51,66859,4.983,110.0,109.96,17.67,90.42,82.2,1.2,82.22990178246636
23:32:51,67106,4.98,68.4,68.43,23.95,99.05,144.7,1.3,144.7464562326465
23:33:51,67352,4.976,80.3,80.33,25.71,89.4,111.3,1.1,111.2909249346446
23:34:51,67601,4.972,53.0,52.99,14.89,79.97,150.9,1.1,150.91526703151538
23:35:53,67770,4.962,458.3,458.26,27.11,236.09,51.5,3.1,51.51878846069917
23:36:53,68016,4.958,86.1,86.07,30.57,87.32,101.4,1.1,101.4523062623446
23:37:53,68277,4.955,80.1,80.05,23.37,83.31,104.1,1.0,104.07245471580262
23:38:53,68528,4.952,85.5,85.51,23.97,85.7,100.2,1.1,100.22219623435855
23:39:53,68773,4.948,78.8,78.78,16.67,94.78,120.3,1.2,120.30972328002031
23:40:53,69011,4.944,83.1,83.06,22.35,83.14,100.1,1.1,100.09631591620516
23:41:53,69255,4.94,60.3,60.32,16.62,72.01,119.4,1.0,119.37997347480108
23:42:54,69498,4.936,69.5,69.5,18.39,79.44,114.3,1.1,114.3021582733813
23:43:54,69764,4.934,66.7,66.69,16.41,71.81,107.6,1.0,107.67731294047084
23:44:54,70037,4.932,85.3,85.3,16.99,81.21,95.2,1.0,95.20515826494724
23:45:54,70194,4.923,630.6,630.05,23.81,318.18,50.5,3.9,50.50075390841997
23:46:54,70428,4.918,77.5,77.46,21.53,77.38,99.9,0.9,99.89672088820036
23:47:54,70693,4.916,110.6,110.55,34.29,103.53,93.6,1.2,93.64993215739484
23:48:54,70960,4.914,66.5,66.45,16.48,97.64,146.9,1.1,146.93754702784048
23:49:54,71233,4.913,84.4,84.35,33.24,81.67,96.8,1.0,96.82276229994073
23:50:55,71502,4.911,91.9,91.89,30.76,85.27,92.8,1.1,92.79573402981826
23:51:55,71774,4.909,71.7,71.74,28.19,70.62,98.4,0.9,98.4388068023418
23:52:55,72042,4.907,81.3,81.31,23.48,87.82,108.0,1.1,108.00639527733365
23:53:55,72308,4.905,86.5,86.5,27.73,90.46,104.6,1.1,104.57803468208093
23:54:55,72566,4.903,67.0,66.98,14.22,76.26,113.8,0.9,113.85488205434459
23:55:58,72738,4.894,527.2,527.2,21.32,279.68,53.0,3.5,53.05007587253414
23:56:58,73001,4.892,78.2,78.2,17.22,87.15,111.4,1.0,111.44501278772378
23:57:58,73271,4.89,68.9,68.85,17.21,80.87,117.4,1.0,117.45824255628177
23:58:58,73540,4.889,76.6,76.6,22.75,77.09,100.6,1.0,100.63968668407311
23:59:58,73804,4.887,81.8,81.83,28.95,85.21,104.1,1.0,104.1305144812416
00:00:58,74067,4.885,101.7,101.64,30.51,96.77,95.2,1.2,95.20857929948839
00:01:58,74323,4.882,73.0,72.98,16.23,83.76,114.7,1.1,114.77117018361194
00:02:58,74573,4.879,75.9,75.89,17.0,106.43,140.2,1.1,140.24245618658585
00:03:58,74827,4.877,74.1,74.08,16.68,88.74,119.8,1.1,119.78941684665227
00:04:59,75086,4.874,80.2,80.18,17.97,115.08,143.5,1.1,143.52706410576204
00:05:59,75250,4.866,354.8,354.75,40.79,215.89,60.9,2.5,60.8569415081043
00:06:59,75500,4.863,79.2,79.22,18.32,79.76,100.7,1.1,100.68164604897754
00:07:59,75756,4.861,103.1,103.07,28.27,97.11,94.2,1.2,94.217522072378
00:08:59,76018,4.859,55.7,55.69,12.62,87.52,157.1,1.1,157.15568324654336
00:09:59,76275,4.857,69.9,69.9,17.46,77.19,110.4,1.0,110.42918454935621
00:10:59,76527,4.854,75.4,75.41,19.15,89.8,119.1,1.0,119.08234982097865
00:12:00,76772,4.851,105.0,105.02,28.31,92.03,87.6,1.1,87.63092744239192
00:13:00,77024,4.849,85.7,85.65,32.88,81.96,95.7,1.0,95.69176882661996
00:14:00,77268,4.846,102.7,102.7,27.03,94.59,92.1,1.2,92.10321324245375
00:15:00,77515,4.843,77.7,77.66,20.77,89.96,115.8,1.0,115.83826937934587
00:16:01,77670,4.834,341.7,341.66,40.99,197.16,57.7,2.4,57.706491833987
00:17:01,77924,4.832,72.2,72.16,21.12,91.85,127.3,1.1,127.28658536585367
00:18:01,78169,4.829,85.0,84.97,18.88,104.84,123.4,1.1,123.38472402024244
00:19:01,78411,4.826,74.4,74.37,25.99,97.12,130.6,1.1,130.59029178432164
00:20:01,78648,4.823,114.3,114.31,18.5,113.12,98.9,1.3,98.95897121861604
00:21:01,78884,4.82,83.7,83.69,19.89,100.17,119.7,1.1,119.6917194407934
00:22:02,79128,4.817,92.2,92.18,23.63,85.17,92.4,1.1,92.39531351703188
00:23:02,79371,4.814,64.6,64.58,19.79,75.95,117.6,0.9,117.6060699907092
00:24:02,79613,4.811,73.8,73.74,27.95,93.5,126.8,1.0,126.7968538106862
00:25:02,79854,4.808,87.5,87.46,22.56,81.81,93.5,1.1,93.53990395609422
00:26:02,79997,4.8,282.9,282.92,32.32,217.39,76.8,2.2,76.83797539940619
00:27:02,80245,4.797,89.2,89.18,17.31,95.4,107.0,1.2,106.97465799506615
00:28:02,80495,4.795,61.6,61.6,14.95,81.07,131.6,1.0,131.60714285714283
00:29:03,80732,4.792,83.1,83.12,22.22,89.24,107.3,1.1,107.3628488931665
00:30:03,80979,4.789,69.1,69.07,22.29,82.89,120.0,1.1,120.00868683943827
00:31:03,81209,4.786,71.0,71.0,16.02,87.61,123.4,1.1,123.3943661971831
00:32:03,81447,4.783,79.2,79.22,24.39,78.81,99.5,1.0,99.48245392577633
00:33:03,81682,4.78,73.5,73.51,18.99,90.28,122.8,0.9,122.81322269079035
00:34:03,81933,4.778,68.0,67.96,16.42,87.28,128.4,1.0,128.42848734549736
00:35:03,82185,4.776,83.3,83.28,18.26,89.0,106.9,1.1,106.8683957732949
00:36:04,82338,4.768,202.0,201.98,30.71,136.73,67.7,1.7,67.69482126943261
00:37:04,82593,4.766,86.6,86.58,30.05,89.31,103.1,1.1,103.15315315315316
00:38:04,82848,4.764,84.3,84.3,20.57,96.69,114.7,1.1,114.69750889679716
00:39:04,83092,4.762,69.7,69.71,19.94,87.3,125.2,1.0,125.23310859274137
00:40:04,83336,4.759,92.5,92.47,24.91,91.48,98.9,1.2,98.92938250243323
00:41:04,83580,4.757,77.3,77.32,23.47,96.41,124.7,1.2,124.68960165545785
00:42:05,83816,4.754,82.8,82.77,15.72,84.07,101.6,1.1,101.57061737344449
00:43:05,84056,4.752,72.9,72.9,18.69,94.34,129.4,1.0,129.41015089163236
00:44:05,84295,4.749,84.0,83.98,32.0,93.29,111.1,1.1,111.08597285067873
00:45:05,84539,4.747,79.0,78.95,24.97,90.69,114.9,1.1,114.87017099430018
00:46:05,84674,4.738,278.5,278.44,21.06,196.55,70.6,2.1,70.58971412153426
00:47:05,84904,4.735,83.6,83.54,20.41,100.99,120.9,1.2,120.88819727076849
00:48:05,85137,4.732,71.3,71.26,20.0,98.13,137.7,1.1,137.7069884928431
00:49:05,85367,4.729,85.1,85.12,23.03,102.81,120.8,1.3,120.78242481203007
00:50:06,85596,4.726,138.6,138.62,26.09,142.26,102.6,1.4,102.62588371086423
00:51:06,85833,4.723,84.9,84.93,23.84,98.3,115.7,1.2,115.74237607441421
00:52:06,86067,4.721,88.3,88.32,34.63,111.8,126.6,1.1,126.58514492753625
00:53:07,86304,4.718,84.8,84.76,27.21,95.29,112.4,1.2,112.42331288343557
00:54:07,86541,4.716,95.0,94.96,41.1,87.14,91.8,1.1,91.76495366470094
00:55:07,86774,4.713,72.2,72.23,17.1,92.02,127.4,1.1,127.39858784438599
00:56:07,86910,4.705,152.7,152.72,25.74,142.15,93.1,1.5,93.07883708748035
00:57:08,87147,4.702,78.6,78.56,29.13,96.09,122.3,1.0,122.31415478615071
00:58:08,87393,4.7,100.1,100.13,18.75,94.05,93.9,1.2,93.92789373814043
00:59:08,87648,4.699,94.7,94.67,19.52,102.5,108.3,1.2,108.27083553396007
01:00:08,87891,4.697,64.9,64.88,24.25,82.49,127.1,1.0,127.14241676942048
01:01:09,88118,4.694,112.7,112.72,15.24,112.58,99.9,1.2,99.87579843860894
01:02:09,88347,4.691,67.8,67.82,18.22,90.18,132.9,1.0,132.9696254792097
01:03:09,88578,4.688,116.1,116.1,20.73,112.71,97.1,1.3,97.08010335917314
01:04:09,88816,4.686,82.3,82.24,23.73,102.04,124.1,1.2,124.07587548638134
01:05:09,89058,4.684,113.4,113.39,18.12,109.89,96.9,1.3,96.91330805185642
01:06:10,89202,4.676,115.8,115.77,18.21,114.05,98.5,1.2,98.51429558607585
01:07:10,89438,4.674,65.8,65.83,13.59,94.19,143.1,1.1,143.0806623120158
01:08:10,89676,4.672,88.6,88.62,20.32,88.68,100.1,1.1,100.0677048070413
01:09:10,89922,4.67,103.7,103.65,26.22,105.47,101.7,1.1,101.75590931017848
01:10:10,90162,4.668,84.9,84.9,22.49,87.88,103.5,1.1,103.51001177856301
01:11:10,90393,4.665,84.0,84.03,22.97,102.92,122.5,1.1,122.48006664286564
01:12:11,90629,4.663,73.0,72.98,17.18,85.19,116.7,1.2,116.73061112633597
01:13:11,90863,4.661,59.8,59.82,21.19,91.14,152.3,1.1,152.35707121364092
01:14:11,91094,4.658,79.6,79.62,20.44,89.36,112.2,1.1,112.23310725948254
01:15:11,91326,4.656,121.6,121.63,16.67,108.23,89.0,1.2,88.98298117240813
01:16:11,91465,4.648,117.4,117.34,24.85,101.2,86.2,1.3,86.24509971024374
01:17:11,91701,4.646,71.1,71.11,17.92,77.21,108.5,1.0,108.57825903529742
01:18:11,91929,4.644,79.0,79.02,21.52,97.75,123.7,1.2,123.70286003543407
01:19:11,92161,4.641,101.2,101.19,21.01,100.82,99.6,1.1,99.63435122047633
01:20:11,92397,4.639,83.5,83.45,21.49,116.9,140.1,1.2,140.08388256440983
01:21:11,92621,4.636,69.8,69.81,17.38,93.54,134.0,1.1,133.9922647185217
01:22:11,92840,4.633,71.1,71.14,21.21,107.5,151.1,1.1,151.11048636491427
01:23:12,93060,4.631,84.6,84.62,30.97,100.83,119.1,1.2,119.1562278421177
01:24:12,93282,4.628,101.5,101.53,26.92,105.11,103.5,1.3,103.52605141337536
01:25:12,93503,4.625,73.2,73.16,27.25,91.77,125.4,1.1,125.43739748496446
01:26:12,93635,4.618,76.2,76.21,17.44,97.89,128.4,1.0,128.44771027424224
01:27:13,93853,4.615,98.0,98.03,42.33,101.77,103.8,1.2,103.81515862491074
01:28:13,94071,4.612,88.5,88.45,29.08,98.47,111.3,1.1,111.32843414358395
01:29:13,94290,4.609,95.1,95.07,16.61,110.24,115.9,1.3,115.95666351109709
01:30:13,94511,4.606,74.4,74.44,19.54,95.5,128.3,1.1,128.29124126813542
01:31:13,94733,4.603,60.0,59.98,14.59,76.28,127.1,1.0,127.17572524174726
01:32:13,94952,4.601,93.3,93.27,17.99,109.64,117.5,1.3,117.55119545405812
01:33:13,95167,4.598,95.0,94.97,21.82,118.19,124.4,1.4,124.44982626092451
01:34:13,95377,4.595,78.6,78.54,17.66,111.24,141.6,1.3,141.6348357524828
01:35:14,95587,4.591,114.1,114.07,23.01,113.12,99.2,1.4,99.16717804856667
01:36:14,95710,4.584,99.8,99.78,23.99,100.62,100.8,1.3,100.84185207456404
01:37:14,95922,4.581,89.3,89.24,25.84,115.81,129.8,1.3,129.77364410578215
01:38:14,96127,4.578,87.0,87.01,25.43,110.47,127.0,1.4,126.96241811286059
01:39:14,96326,4.574,68.6,68.59,24.45,99.41,144.9,1.2,144.93366379938766
01:40:14,96527,4.57,68.3,68.33,19.34,108.14,158.2,1.2,158.26137860383434
01:41:14,96727,4.567,74.0,73.98,15.5,111.02,150.0,1.2,150.06758583400918
01:42:14,96925,4.563,91.1,91.1,21.39,116.58,127.9,1.4,127.96926454445665
01:43:15,97127,4.56,80.2,80.2,20.63,101.49,126.5,1.4,126.54613466334165
01:44:15,97331,4.557,77.6,77.56,32.14,97.96,126.3,1.2,126.30221763795771
01:45:15,97530,4.553,90.3,90.26,25.99,101.68,112.6,1.3,112.65233769111455
01:46:15,97647,4.546,94.1,93.93,18.21,126.23,134.2,1.4,134.3873096987118
01:47:16,97845,4.542,80.9,80.9,18.16,105.68,130.6,1.4,130.6304079110012
01:48:16,98040,4.539,111.2,111.19,30.0,121.43,109.2,1.4,109.20946128248943
01:49:16,98238,4.535,102.1,102.07,28.41,125.85,123.3,1.5,123.29773684726169
01:50:17,98448,4.532,86.2,86.19,23.11,105.39,122.3,1.4,122.27636616776888
01:51:17,98649,4.529,87.4,87.34,25.38,124.01,142.0,1.3,141.9853446301809
01:52:17,98844,4.525,108.1,108.12,36.08,119.75,110.7,1.4,110.75656677765446
01:53:17,99036,4.522,98.1,98.09,20.76,118.01,120.3,1.4,120.30788051789173
01:54:17,99239,4.519,65.1,65.06,16.03,102.71,157.8,1.2,157.86965877651397
01:55:18,99444,4.515,84.9,84.9,29.63,109.32,128.7,1.2,128.76325088339223
01:56:18,99563,4.509,75.7,75.73,19.23,107.49,141.9,1.2,141.93846560147892
01:57:18,99768,4.506,80.0,80.02,20.08,108.65,135.8,1.2,135.7785553611597
01:58:18,99972,4.503,91.7,91.71,19.49,107.73,117.4,1.3,117.46810598626105
01:59:18,100177,4.5,102.0,101.95,29.76,110.75,108.6,1.3,108.63168219715547
02:00:19,100381,4.497,113.0,113.01,32.52,113.42,100.3,1.4,100.36279975223431
02:01:19,100591,4.494,77.4,77.43,20.92,107.66,139.0,1.3,139.04171509750742
02:02:19,100796,4.491,100.7,100.71,25.64,106.12,105.4,1.3,105.3718597954523
02:03:19,100996,4.488,91.1,91.09,30.84,121.17,133.0,1.4,133.0222856515534
02:04:19,101200,4.485,76.7,76.66,30.98,124.1,161.9,1.2,161.88364205583096
02:05:20,101380,4.481,162.7,162.69,20.76,178.99,110.0,1.7,110.0190546438011
02:06:20,101510,4.475,184.1,184.07,20.89,164.78,89.5,1.9,89.52029119356767
02:07:21,101688,4.471,94.4,94.36,21.42,103.25,109.4,1.4,109.42136498516321
02:08:21,101884,4.467,77.1,77.07,21.6,120.4,156.2,1.3,156.22161671207994
02:09:21,102078,4.464,126.5,126.47,24.12,124.68,98.6,1.6,98.58464457974223
02:10:22,102270,4.461,105.1,105.1,20.53,116.17,110.5,1.4,110.53282588011419
02:11:22,102461,4.457,77.8,77.82,21.31,110.66,142.2,1.3,142.1999485993318
02:12:22,102657,4.454,103.5,103.5,37.73,114.41,110.5,1.3,110.54106280193237
02:13:22,102855,4.451,86.1,86.08,30.34,105.83,122.9,1.3,122.94377323420075
02:14:22,103050,4.448,97.3,97.24,16.32,128.19,131.8,1.5,131.82846565199506
02:15:22,103244,4.445,88.3,88.31,23.37,124.99,141.5,1.3,141.53549994338127
02:16:23,103356,4.438,95.3,95.31,21.6,112.46,118.0,1.4,117.99391459448117
02:17:23,103551,4.435,76.2,76.18,21.01,97.26,127.6,1.2,127.6713048044106
02:18:23,103747,4.432,109.2,109.15,34.65,114.68,105.0,1.4,105.06642235455794
02:19:23,103943,4.429,79.6,79.54,20.81,120.66,151.7,1.3,151.69725924063363
02:20:24,104136,4.426,93.6,93.63,23.86,129.02,137.8,1.4,137.79771440777532
02:21:24,104334,4.423,103.7,103.68,17.66,115.65,111.5,1.4,111.54513888888889
02:22:24,104528,4.42,95.7,95.73,21.85,129.54,135.3,1.4,135.3180821059229
02:23:24,104720,4.417,74.0,73.97,16.0,122.6,165.7,1.3,165.74286873056644
02:24:24,104912,4.414,76.3,76.27,15.76,112.82,147.9,1.3,147.9218565622132
02:25:25,105105,4.411,70.8,70.76,17.99,117.01,165.3,1.3,165.36178631995477
02:26:25,105218,4.404,76.8,76.82,16.54,121.21,157.8,1.2,157.78443113772457
02:27:25,105410,4.401,90.3,90.3,20.95,126.44,140.0,1.3,140.0221483942414
02:28:25,105605,4.398,77.6,77.6,26.61,106.07,136.7,1.2,136.68814432989691
02:29:25,105801,4.395,84.8,84.76,25.6,108.54,128.0,1.3,128.05568664464369
02:30:25,105999,4.393,70.7,70.71,21.66,107.64,152.2,1.1,152.22740772168012
02:31:26,106193,4.39,95.4,95.44,27.18,117.91,123.5,1.2,123.54358759430009
02:32:26,106384,4.387,86.1,86.08,22.49,120.91,140.4,1.4,140.46236059479554
02:33:26,106579,4.384,91.3,91.31,27.94,127.11,139.2,1.4,139.2070967035374
02:34:26,106773,4.381,65.3,65.31,18.31,112.36,172.0,1.2,172.0410350635431
02:35:26,106964,4.378,88.7,88.64,24.19,120.49,135.9,1.3,135.93185920577616
02:36:26,107073,4.372,97.4,97.43,20.63,122.59,125.8,1.4,125.82366827465871
02:37:27,107265,4.369,128.5,128.4,27.71,140.57,109.4,1.5,109.47819314641744
02:38:27,107456,4.366,102.6,102.61,22.23,112.15,109.3,1.3,109.29733944060033
02:39:27,107650,4.363,84.7,84.65,31.13,118.73,140.2,1.3,140.25989367985824
02:40:27,107838,4.36,120.9,120.86,20.37,129.12,106.8,1.4,106.83435379778255
02:41:28,108022,4.357,76.9,76.9,15.62,124.06,161.3,1.4,161.3263979193758
02:42:28,108210,4.354,105.7,105.68,34.61,114.01,107.9,1.4,107.88228614685843
02:43:28,108407,4.351,67.3,67.26,18.13,109.98,163.5,1.2,163.51471900089206
02:44:28,108598,4.348,79.2,79.18,28.7,109.57,138.4,1.1,138.38090426875473
02:45:30,108798,4.346,306.6,306.57,22.4,195.55,63.8,2.4,63.786410933881335
02:46:30,108924,4.34,107.0,107.01,18.58,115.06,107.5,1.5,107.52266143351088
02:47:30,109128,4.338,86.7,86.68,15.84,127.1,146.6,1.3,146.63128749423166
02:48:31,109331,4.336,78.4,78.4,17.76,125.36,159.9,1.2,159.89795918367346
02:49:31,109535,4.334,88.2,88.17,29.63,109.56,124.2,1.2,124.2599523647499
02:50:31,109735,4.331,116.2,116.18,43.2,114.2,98.3,1.2,98.29574797727663
02:51:31,109932,4.329,88.2,88.15,21.86,120.62,136.8,1.3,136.83494044242767
02:52:31,110130,4.326,123.4,123.4,23.47,128.44,104.1,1.5,104.08427876823339
02:53:31,110339,4.324,68.4,68.41,26.03,123.01,179.8,1.1,179.81289285192224
02:54:31,110544,4.322,135.1,135.07,38.03,125.29,92.8,1.4,92.75930998741394
02:55:33,110748,4.32,389.6,389.54,33.64,234.28,60.1,2.7,60.14273245366329
02:56:33,110886,4.315,106.6,106.58,43.21,109.49,102.7,1.2,102.73034340401577
02:57:33,111102,4.313,103.7,103.68,26.14,112.86,108.8,1.2,108.85416666666666
02:58:34,111318,4.311,105.8,105.8,21.04,100.48,95.0,1.1,94.97164461247637
02:59:34,111528,4.31,127.7,127.66,36.4,126.71,99.2,1.3,99.25583581388062
03:00:34,111737,4.308,76.1,76.12,21.36,101.51,133.3,1.1,133.35522858644245
03:01:34,111946,4.306,87.9,87.9,25.46,126.9,144.4,1.3,144.36860068259384
03:02:34,112153,4.304,91.5,91.52,27.08,110.48,120.7,1.2,120.71678321678323
03:03:34,112359,4.302,82.2,82.14,26.9,107.83,131.3,1.2,131.27587046505965
03:04:34,112566,4.3,103.0,102.97,23.91,112.76,109.5,1.4,109.50762357968341
03:05:35,112756,4.297,314.9,314.9,42.27,237.66,75.5,2.3,75.47157827881868
03:06:35,112892,4.292,75.0,75.01,18.23,104.45,139.2,1.1,139.24810025329955
03:07:35,113102,4.291,120.0,119.97,26.89,118.96,99.1,1.2,99.15812286404935
03:08:35,113310,4.289,89.1,89.05,20.14,123.97,139.2,1.3,139.21392476137
03:09:35,113514,4.287,103.0,102.95,41.21,117.21,113.8,1.3,113.85138416707139
03:10:36,113718,4.285,108.1,108.04,25.36,123.7,114.5,1.3,114.49463161791928
03:11:36,113919,4.282,86.2,86.18,18.96,115.6,134.1,1.2,134.13785100951495
03:12:36,114125,4.281,99.9,99.84,21.22,111.87,112.0,1.2,112.04927884615384
03:13:36,114332,4.279,84.8,84.78,22.92,106.99,126.2,1.2,126.19721632460485
03:14:36,114536,4.277,101.3,101.33,23.95,132.41,130.7,1.2,130.67206158097306
03:15:37,114724,4.274,290.1,290.06,41.37,213.51,73.6,2.3,73.6089085016893
03:16:37,114854,4.269,162.9,162.9,22.53,147.9,90.8,1.5,90.79189686924494
03:17:37,115054,4.267,84.2,84.18,19.52,128.61,152.8,1.2,152.77975766215255
03:18:37,115255,4.265,80.3,80.27,16.94,120.42,150.0,1.2,150.01868693160583
03:19:37,115446,4.263,119.3,119.26,41.91,132.03,110.7,1.3,110.7076974677176
03:20:38,115643,4.261,75.9,75.89,20.6,106.68,140.5,1.1,140.57188035314272
03:21:38,115838,4.258,100.8,100.83,24.97,121.27,120.3,1.2,120.27174452048001
03:22:38,116034,4.256,92.4,92.43,28.22,125.73,136.0,1.3,136.02726387536512
03:23:38,116224,4.254,114.5,114.52,34.12,136.27,119.0,1.4,118.99231575270697
03:24:38,116418,4.251,105.5,105.5,22.41,115.01,109.0,1.3,109.01421800947867
03:25:40,116592,4.248,520.5,520.51,31.33,351.26,67.5,3.3,67.48381395170122
03:26:40,116726,4.244,88.5,88.45,22.64,111.98,126.6,1.3,126.60260033917467
03:27:40,116922,4.242,98.1,98.08,24.76,129.58,132.1,1.4,132.11663947797717
03:28:40,117120,4.24,111.9,111.9,29.75,138.39,123.7,1.4,123.67292225201071
03:29:40,117324,4.238,86.8,86.78,26.16,115.55,133.1,1.2,133.15280018437429
03:30:41,117519,4.236,78.1,78.05,27.42,136.33,174.7,1.2,174.67008327994878
03:31:41,117708,4.233,129.6,129.6,17.23,151.59,117.0,1.5,116.9675925925926
03:32:41,117894,4.231,93.6,93.62,22.85,128.96,137.7,1.3,137.74834437086093
03:33:41,118082,4.228,79.0,79.0,23.76,109.76,138.9,1.1,138.9367088607595
03:34:41,118276,4.226,96.7,96.67,23.17,128.64,133.1,1.2,133.07127340436534
03:35:41,118443,4.223,378.4,378.42,37.44,283.1,74.8,2.8,74.81105649807094
03:36:41,118578,4.219,93.8,93.75,32.37,114.09,121.7,1.2,121.696
03:37:41,118778,4.217,73.0,73.02,16.18,102.15,139.9,1.1,139.89317995069845
03:38:42,118974,4.215,90.2,90.19,19.24,126.12,139.8,1.3,139.83811952544627
03:39:42,119164,4.213,84.0,84.01,18.22,116.94,139.2,1.2,139.19771455779073
03:40:42,119353,4.21,105.5,105.52,27.58,142.76,135.3,1.3,135.29188779378316
03:41:42,119544,4.208,166.0,166.03,16.7,144.64,87.1,1.6,87.11678612298981
03:42:43,119732,4.206,80.9,80.91,18.53,129.02,159.4,1.2,159.46112965022868
03:43:43,119920,4.204,86.8,86.8,29.23,107.97,124.3,1.2,124.38940092165899
03:44:43,120111,4.201,76.6,76.58,22.71,119.85,156.5,1.2,156.50300339514234
03:45:43,120275,4.198,346.6,346.58,27.15,243.22,70.2,2.5,70.17715967453402
03:46:43,120414,4.194,102.1,102.09,29.86,127.33,124.7,1.3,124.72328337741209
03:47:43,120610,4.192,116.1,116.12,36.4,113.9,98.1,1.2,98.08818463658284
03:48:43,120815,4.191,68.4,68.39,27.72,97.77,142.9,1.0,142.95949700248573
03:49:43,121022,4.189,78.3,78.31,19.44,109.57,139.9,1.1,139.91827352828503
03:50:43,121219,4.187,122.8,122.82,28.11,118.45,96.4,1.2,96.44194756554307
03:51:44,121421,4.186,102.0,101.99,22.94,120.96,118.6,1.3,118.59986273164036
03:52:44,121620,4.184,126.9,126.89,30.64,144.08,113.5,1.5,113.54716683741825
03:53:44,121814,4.182,95.5,95.49,34.66,153.55,160.8,1.2,160.80217823855904
03:54:45,122006,4.18,66.2,66.16,16.94,115.08,173.9,1.2,173.94195888754535
03:55:45,122164,4.176,391.4,391.42,43.93,280.24,71.6,2.7,71.59572837361402
03:56:45,122310,4.173,90.0,90.03,20.63,121.97,135.5,1.3,135.47706320115518
03:57:45,122516,4.171,91.6,91.55,27.89,110.37,120.5,1.1,120.55707263790279
03:58:46,122721,4.17,128.9,128.87,48.07,128.99,100.1,1.3,100.09311709474665
03:59:46,122920,4.168,91.3,91.27,16.19,114.27,125.2,1.2,125.19995617398926
04:00:46,123113,4.166,84.9,84.86,17.03,125.37,147.7,1.2,147.73744991751119
04:01:46,123307,4.164,93.9,93.89,31.2,127.68,136.0,1.3,135.98892320800937
04:02:46,123502,4.162,99.3,99.31,40.51,126.52,127.4,1.2,127.39905346893565
04:03:47,123696,4.16,89.0,88.98,17.88,135.91,152.7,1.2,152.74218925601258
04:04:47,123888,4.158,117.3,117.27,26.03,115.72,98.7,1.2,98.67826383559309
04:05:49,124050,4.155,557.8,557.74,26.73,367.85,66.0,3.6,65.9536701688959
04:06:49,124196,4.152,125.1,125.1,46.27,167.21,133.6,1.5,133.66107114308554
04:07:49,124387,4.15,85.9,85.84,23.34,131.26,152.9,1.3,152.91239515377447
04:08:49,124581,4.148,98.9,98.92,23.48,121.43,122.7,1.2,122.75576223210675
04:09:50,124772,4.146,99.4,99.42,15.33,132.22,133.0,1.3,132.99134982900824
04:10:50,124960,4.144,85.6,85.6,25.77,126.63,147.9,1.2,147.9322429906542
04:11:50,125150,4.142,82.3,82.26,23.47,120.7,146.7,1.2,146.72988086554824
04:12:50,125336,4.14,92.9,92.88,19.99,126.91,136.6,1.3,136.63867355727822
04:13:50,125526,4.138,107.3,107.28,33.93,126.0,117.4,1.3,117.4496644295302
04:14:50,125714,4.136,85.8,85.74,22.05,133.36,155.5,1.2,155.5400046652671
04:15:50,125862,4.133,611.8,611.75,32.95,359.05,58.7,3.7,58.69227625664078
04:16:51,126004,4.129,103.8,103.75,29.97,126.93,122.3,1.3,122.3421686746988
04:17:51,126201,4.127,116.1,116.09,39.8,116.33,100.2,1.2,100.20673615298475
04:18:51,126393,4.126,89.8,89.76,21.77,123.03,137.0,1.2,137.06550802139037
04:19:51,126579,4.124,130.9,130.85,20.83,139.97,107.0,1.4,106.96981276270539
04:20:51,126768,4.122,109.0,108.95,22.31,153.46,140.8,1.5,140.85360256998624
04:21:52,126967,4.12,112.3,112.22,31.51,115.28,102.7,1.3,102.72678666904295
04:22:52,127171,4.119,89.9,89.88,20.94,116.27,129.3,1.1,129.36137071651092
04:23:52,127371,4.117,88.3,88.29,27.89,103.57,117.3,1.2,117.30660323932494
04:24:52,127572,4.116,115.0,114.94,25.65,116.78,101.6,1.2,101.60083521837481
04:25:54,127728,4.112,552.9,552.85,30.81,335.47,60.7,3.4,60.68011214615176
04:26:54,127890,4.11,110.7,110.72,33.0,115.38,104.2,1.2,104.20881502890174
04:27:54,128096,4.108,100.2,100.24,20.93,116.84,116.5,1.1,116.56025538707104
04:28:54,128295,4.107,82.8,82.8,25.7,129.63,156.5,1.2,156.55797101449275
04:29:54,128499,4.105,82.8,82.78,26.42,120.99,146.1,1.1,146.15849238946606
04:30:54,128706,4.104,136.4,136.36,41.71,125.28,91.9,1.3,91.87444998533293
04:31:55,128914,4.103,103.4,103.41,26.35,128.82,124.5,1.2,124.57209167391936
04:32:55,129126,4.102,112.7,112.68,46.49,132.3,117.4,1.3,117.41214057507987
04:33:55,129336,4.101,185.2,185.23,31.79,175.19,94.6,1.6,94.57971170976624
04:34:55,129551,4.1,74.2,74.1,19.27,96.93,130.6,1.0,130.8097165991903
04:35:55,129698,4.096,448.5,448.45,25.51,318.15,70.9,2.9,70.94436392016947
04:36:55,129856,4.094,95.0,95.01,28.59,117.4,123.5,1.1,123.56594042732344
04:37:56,130060,4.092,103.9,103.91,32.04,130.45,125.5,1.1,125.54133384659801
04:38:56,130261,4.091,92.7,92.72,26.21,128.38,138.4,1.2,138.45987920621226
04:39:56,130456,4.089,96.4,96.41,24.51,124.21,128.8,1.2,128.83518307229542
04:40:56,130660,4.088,88.8,88.8,24.24,123.82,139.4,1.1,139.43693693693695
04:41:57,130866,4.087,154.7,154.68,33.73,145.89,94.3,1.5,94.31730023273855
04:42:57,131063,4.085,88.6,88.61,24.44,128.69,145.2,1.2,145.2319151337321
04:43:57,131250,4.083,103.8,103.77,26.48,132.43,127.6,1.3,127.61877228486075
04:44:57,131442,4.082,124.2,124.18,37.23,136.69,110.1,1.3,110.07408600418746
04:45:59,131586,4.078,599.9,599.86,32.01,379.38,63.2,3.7,63.24475710999233
04:46:59,131742,4.076,167.9,167.9,35.78,174.94,104.2,1.5,104.1929720071471
04:47:59,131940,4.074,110.6,110.57,24.35,121.04,109.5,1.3,109.46911458804378
04:48:59,132130,4.072,85.0,85.02,22.16,115.27,135.6,1.2,135.57986356151494
04:49:59,132322,4.071,88.8,88.81,24.75,132.51,149.2,1.3,149.2061704762977
04:50:59,132500,4.069,125.0,124.95,26.53,146.5,117.2,1.4,117.2468987595038
04:51:59,132681,4.067,120.4,120.38,40.05,138.34,114.9,1.2,114.91942183086891
04:53:00,132864,4.065,121.7,121.68,28.39,142.59,117.2,1.3,117.1844181459566
04:54:00,133042,4.063,99.9,99.93,16.34,146.81,146.9,1.4,146.91283898729108
04:55:00,133216,4.061,90.2,90.14,29.31,121.81,135.1,1.3,135.13423563345907
04:56:02,133344,4.057,581.1,581.09,31.29,379.26,65.3,3.5,65.26699822746906
04:57:02,133500,4.054,119.6,119.63,43.27,137.18,114.7,1.3,114.67023321909221
04:58:02,133691,4.053,102.3,102.32,29.68,116.77,114.1,1.2,114.1223612197029
04:59:02,133879,4.051,107.7,107.64,21.96,159.34,148.0,1.4,148.0304719435154
05:00:02,134073,4.05,94.9,94.85,15.65,118.97,125.4,1.2,125.42962572482868
05:01:03,134262,4.048,153.8,153.82,32.28,155.33,101.0,1.5,100.9816668833702
05:02:03,134454,4.046,124.7,124.7,26.9,144.11,115.6,1.3,115.56535685645551
05:03:04,134652,4.045,107.3,107.24,24.46,131.3,122.4,1.2,122.43565833644165
05:04:04,134850,4.044,115.2,115.2,34.67,133.18,115.6,1.4,115.60763888888889
05:05:04,135055,4.042,100.4,100.39,26.79,112.4,112.0,1.0,111.96334296244646
05:06:06,135180,4.039,588.1,588.08,48.45,351.82,59.8,3.5,59.82519385117671
05:07:06,135354,4.037,91.1,91.1,22.06,137.32,150.7,1.2,150.73545554335897
05:08:06,135547,4.035,108.0,107.96,31.14,126.65,117.3,1.3,117.3119673953316
05:09:06,135743,4.034,98.1,98.07,21.7,126.09,128.6,1.1,128.57142857142858
05:10:06,135938,4.032,101.7,101.69,26.12,126.67,124.5,1.2,124.56485396794179
05:11:06,136129,4.031,108.3,108.29,31.87,140.39,129.6,1.2,129.6426262812817
05:12:07,136320,4.029,125.5,125.51,25.61,169.28,134.9,1.4,134.8737152418134
05:13:07,136515,4.028,85.2,85.17,26.57,131.91,154.9,1.2,154.87847833744277
05:14:07,136668,4.025,243.0,243.01,42.02,206.67,85.0,2.0,85.04588288547797
05:15:08,136788,4.022,300.2,300.19,37.79,219.89,73.2,2.1,73.25027482594356
05:16:08,136867,4.017,914.5,914.45,29.97,547.63,59.9,5.1,59.886270435781064
05:17:09,137038,4.015,91.2,91.16,20.67,122.49,134.3,1.2,134.36814392277316
05:18:09,137232,4.013,124.2,124.16,28.17,140.75,113.3,1.3,113.36179123711341
05:19:09,137421,4.012,146.7,146.58,19.37,154.73,105.5,1.5,105.56010369763949
05:20:09,137602,4.01,91.4,91.43,31.88,136.0,148.7,1.2,148.74767581756535
05:21:09,137786,4.008,102.0,101.98,21.1,144.93,142.1,1.3,142.116101196313
05:22:09,137970,4.007,106.7,106.68,23.95,130.92,122.7,1.2,122.72215973003372
05:23:10,138156,4.005,121.3,121.26,19.26,137.77,113.6,1.3,113.61537192808842
05:24:10,138345,4.004,138.5,138.48,41.75,166.9,120.5,1.4,120.52281917966494
05:25:10,138539,4.002,76.4,76.39,23.37,113.24,148.2,1.2,148.23929833747871
05:26:12,138654,3.998,641.7,641.7,51.43,417.12,65.0,3.9,65.00233754090696
05:27:13,138825,3.996,107.9,107.93,21.43,146.8,136.0,1.3,136.01408320207543
05:28:13,139014,3.995,137.0,137.02,47.03,151.23,110.4,1.4,110.37074879579622
05:29:13,139206,3.993,105.4,105.43,23.05,114.77,108.8,1.3,108.85895855069714
05:30:13,139395,3.992,99.7,99.72,32.51,131.55,131.9,1.3,131.91937424789413
05:31:14,139588,3.991,93.9,93.91,15.84,137.42,146.3,1.3,146.33159407943774
05:32:14,139776,3.989,102.4,102.34,27.27,133.3,130.2,1.3,130.25210084033614
05:33:14,139970,3.988,85.9,85.83,26.07,138.41,161.2,1.2,161.2606314808342
05:34:14,140155,3.986,109.7,109.67,25.8,136.12,124.1,1.3,124.11780796936263
05:35:15,140340,3.985,123.6,123.59,28.74,151.94,122.9,1.5,122.93874908973217
05:36:17,140448,3.981,616.3,616.26,27.76,408.87,66.3,3.7,66.34699639762438
05:37:17,140625,3.979,120.0,120.01,28.53,141.77,118.1,1.4,118.13182234813766
05:38:18,140807,3.977,98.5,98.49,29.72,156.28,158.7,1.3,158.67600771651945
05:39:18,140997,3.976,99.9,99.89,35.78,130.65,130.8,1.3,130.79387326058665
05:40:18,141184,3.974,106.0,105.99,28.06,146.91,138.6,1.3,138.60741579394283
05:41:19,141375,3.973,103.3,103.26,45.6,140.21,135.8,1.2,135.78345922913036
05:42:19,141563,3.972,162.6,162.58,28.94,149.4,91.9,1.4,91.8932217984992
05:43:19,141743,3.97,104.2,104.22,27.93,155.39,149.1,1.4,149.0980617923623
05:44:19,141923,3.968,98.0,97.99,36.4,131.02,133.7,1.2,133.7075211756302
05:45:19,142103,3.967,94.2,94.2,37.05,132.58,140.7,1.2,140.7430997876858
05:46:21,142200,3.962,586.6,586.63,37.83,414.31,70.6,3.6,70.62543681707379
05:47:21,142369,3.961,111.3,111.28,27.17,160.32,144.1,1.5,144.06901509705247
05:48:21,142540,3.959,100.8,100.82,30.89,142.9,141.7,1.3,141.73775044634002
05:49:22,142711,3.957,149.8,149.21,35.04,158.4,105.7,1.5,106.15910461765297
05:50:22,142885,3.955,130.9,130.88,28.05,184.12,140.6,1.5,140.67848410757946
05:51:22,143054,3.953,87.8,87.74,26.52,130.87,149.1,1.2,149.15659904262594
05:52:22,143227,3.951,110.1,110.04,21.56,168.79,153.4,1.5,153.38967648127954
05:53:22,143402,3.95,90.4,90.35,18.73,128.78,142.5,1.2,142.53458771444383
05:54:23,143586,3.948,133.1,133.1,48.94,164.19,123.3,1.4,123.35837716003006
05:55:23,143772,3.947,108.1,108.11,31.2,144.12,133.3,1.3,133.30866709832577
05:56:23,143862,3.943,618.0,618.02,31.86,384.51,62.2,3.9,62.216433125141585
05:57:24,144041,3.941,105.3,105.27,28.46,135.91,129.1,1.2,129.1061081029733
05:58:24,144223,3.94,110.2,110.16,42.07,134.05,121.7,1.3,121.68663761801018
05:59:24,144403,3.938,92.2,92.14,20.99,125.53,136.2,1.2,136.238332971565
06:00:24,144590,3.937,117.7,117.71,39.35,127.21,108.1,1.2,108.07068218503102
06:01:24,144768,3.935,147.1,147.1,20.33,156.04,106.1,1.5,106.07749830047587
06:02:24,144946,3.933,151.2,151.18,19.35,184.38,121.9,1.6,121.96057679587247
06:03:25,145127,3.932,95.3,95.25,28.81,133.1,139.7,1.3,139.73753280839895
06:04:25,145305,3.93,132.1,132.1,43.56,138.98,105.2,1.4,105.20817562452686
06:05:25,145487,3.929,138.4,138.34,16.94,165.91,119.9,1.4,119.92916004047997
06:06:26,145578,3.925,408.3,408.3,23.34,305.47,74.8,2.7,74.81508694587313
06:07:26,145757,3.923,90.2,90.23,23.37,138.83,153.8,1.2,153.86235176770478
06:08:26,145939,3.922,92.5,92.5,20.44,137.7,148.8,1.2,148.86486486486484
06:09:26,146119,3.92,103.5,103.43,18.86,147.18,142.2,1.3,142.29913951464758
06:10:26,146295,3.919,84.4,84.42,25.12,120.42,142.6,1.1,142.64392324093816
06:11:26,146469,3.917,102.0,101.96,22.61,142.53,139.8,1.3,139.79011377010593
06:12:26,146641,3.915,101.2,101.19,24.97,162.66,160.7,1.4,160.74710939816188
06:13:27,146812,3.914,94.9,94.89,22.43,152.1,160.3,1.3,160.29086310464749
06:14:27,146983,3.912,175.8,175.75,20.26,171.78,97.7,1.7,97.74110953058322
06:15:27,147158,3.91,87.6,87.57,18.63,139.41,159.2,1.3,159.19835560123332
06:16:27,147244,3.906,281.1,281.1,30.37,274.07,97.5,2.2,97.49911063678405
06:17:27,147417,3.905,102.3,102.33,35.14,133.88,130.8,1.3,130.83162317990815
06:18:27,147591,3.903,90.5,90.45,18.46,141.3,156.2,1.3,156.21890547263683
06:19:28,147764,3.902,117.0,117.0,40.06,140.77,120.3,1.3,120.31623931623933
06:20:28,147940,3.9,106.9,106.9,20.94,147.94,138.4,1.3,138.39101964452757
06:21:28,148115,3.898,95.1,95.13,28.17,143.51,150.8,1.3,150.85672237990119
06:22:29,148294,3.897,85.5,85.44,25.77,135.98,159.1,1.2,159.15262172284642
06:23:29,148469,3.895,88.6,88.54,23.18,146.95,165.9,1.4,165.97018296814997
06:24:29,148638,3.894,147.6,147.61,37.92,175.08,118.6,1.6,118.60985028114625
06:25:29,148815,3.892,98.1,98.09,38.17,161.83,165.0,1.3,164.98113976959937
06:26:29,148902,3.888,201.5,201.5,22.32,191.88,95.2,1.9,95.2258064516129
06:27:29,149077,3.887,99.0,99.0,24.72,147.06,148.5,1.3,148.54545454545453
06:28:30,149250,3.885,162.8,162.84,44.02,177.01,108.7,1.6,108.70179317121101
06:29:30,149429,3.884,73.1,73.08,16.89,136.21,186.3,1.2,186.3847837985769
06:30:30,149606,3.882,79.0,78.96,19.85,143.75,182.0,1.3,182.05420466058766
06:31:30,149780,3.881,125.3,125.27,37.25,165.06,131.8,1.4,131.7633910752774
06:32:30,149956,3.879,117.7,117.66,25.7,151.13,128.4,1.4,128.4463708992011
06:33:30,150128,3.878,106.5,106.44,28.82,152.48,143.2,1.4,143.2544156332206
06:34:30,150294,3.876,118.4,118.36,25.15,152.29,128.7,1.4,128.66677931733693
06:35:30,150459,3.874,99.2,99.16,21.8,160.93,162.3,1.4,162.2932634126664
06:36:31,150537,3.87,323.3,323.25,26.43,283.99,87.9,2.4,87.85460170146945
06:37:31,150708,3.869,123.7,123.69,35.18,136.46,110.3,1.5,110.32419759075107
06:38:31,150876,3.867,108.9,108.9,23.65,148.86,136.7,1.4,136.69421487603307
06:39:31,151041,3.865,115.6,115.61,21.12,167.29,144.7,1.5,144.702015396592
06:40:31,151205,3.863,86.6,86.6,25.19,155.67,179.7,1.3,179.75750577367205
06:41:32,151377,3.862,111.3,111.25,32.27,145.88,131.1,1.4,131.12808988764044
06:42:32,151543,3.86,123.2,123.18,37.41,166.64,135.3,1.5,135.281701574931
06:43:32,151704,3.858,109.4,109.4,18.96,151.83,138.8,1.4,138.7842778793419
06:44:32,151867,3.857,103.5,103.45,22.23,156.53,151.3,1.4,151.30981150314162
06:45:33,152030,3.855,108.1,108.11,29.29,174.1,161.0,1.5,161.0396818055684
06:46:33,152107,3.851,213.4,213.38,19.58,212.24,99.5,1.9,99.46574186896616
06:47:33,152268,3.849,139.4,139.42,26.62,185.35,132.9,1.6,132.94362358341704
06:48:33,152437,3.848,103.6,103.57,21.09,186.14,179.7,1.5,179.72385826011396
06:49:33,152613,3.846,114.7,114.37,20.24,163.33,142.4,1.5,142.80842878377197
06:50:33,152783,3.845,81.6,81.63,20.14,157.56,193.0,1.3,193.0172730613745
06:51:33,152955,3.843,109.7,109.66,28.76,148.56,135.5,1.3,135.4732810505198
06:52:33,153126,3.842,137.8,137.75,47.85,168.86,122.6,1.5,122.58439201451905
06:53:34,153297,3.84,126.8,126.76,24.11,162.52,128.2,1.5,128.21079204796467
06:54:34,153468,3.839,124.8,124.77,37.47,159.9,128.1,1.5,128.1558066842991
06:55:35,153636,3.837,312.2,312.19,36.61,248.45,79.6,2.3,79.58294628271246
06:56:36,153726,3.833,158.1,157.96,36.9,170.57,107.9,1.6,107.9830336794125
06:57:36,153899,3.832,70.9,70.89,15.11,147.46,208.0,1.2,208.01241359853293
06:58:36,154066,3.83,170.5,170.47,39.64,173.23,101.6,1.5,101.61905320584268
06:59:36,154236,3.829,126.4,126.42,27.36,167.09,132.2,1.5,132.1705426356589
07:00:36,154404,3.827,100.3,100.24,23.99,186.52,186.0,1.4,186.073423782921
07:01:37,154578,3.826,127.8,127.8,39.75,154.84,121.1,1.4,121.15805946791862
07:02:37,154752,3.825,96.9,96.85,22.17,137.01,141.4,1.3,141.46618482188953
07:03:37,154916,3.823,100.2,100.14,28.4,151.77,151.5,1.3,151.55781905332537
07:04:37,155088,3.822,124.8,124.76,33.72,149.74,120.0,1.4,120.0224430907342
07:05:40,155250,3.82,486.0,486.01,47.19,347.2,71.4,3.1,71.4388592827308
07:06:41,155344,3.816,101.6,101.59,33.34,156.22,153.8,1.3,153.77497785215078
07:07:41,155509,3.815,128.7,128.65,33.17,148.46,115.4,1.5,115.3983676642052
07:08:41,155678,3.813,113.6,113.58,26.0,171.41,150.9,1.4,150.91565416446556
07:09:41,155848,3.812,94.8,94.78,18.82,148.93,157.1,1.3,157.13230639375396
07:10:43,155946,3.808,1039.0,1039.0,34.02,603.8,58.1,5.7,58.1135707410972
07:11:43,156052,3.805,244.1,244.1,32.0,217.69,89.2,2.0,89.18066366243343
07:12:44,156172,3.803,283.3,283.32,18.89,260.26,91.9,2.3,91.86079344910348
07:13:44,156294,3.8,240.8,240.8,22.26,231.24,96.0,2.1,96.0299003322259
07:14:44,156414,3.797,217.0,216.94,17.94,229.23,105.7,2.1,105.66516087397437
07:15:44,156535,3.795,222.8,222.81,42.63,212.06,95.2,1.9,95.17526143350837
07:16:45,156666,3.792,182.6,182.56,29.77,191.63,105.0,1.8,104.9682296231376
07:17:45,156798,3.79,205.6,205.55,21.93,203.97,99.2,1.9,99.23133057650206
07:18:45,156934,3.788,180.6,180.55,36.86,191.53,106.1,1.8,106.08141788978122
07:19:45,157070,3.786,171.4,171.34,28.74,195.45,114.1,1.7,114.07143690906969
07:20:45,157206,3.783,175.6,175.59,19.11,188.38,107.3,1.8,107.28401389600775
07:21:46,157342,3.781,174.2,174.16,20.36,187.92,107.9,1.8,107.90078089113459
07:22:46,157475,3.779,206.1,206.1,33.66,216.31,104.9,1.9,104.95390587093644
07:23:46,157608,3.777,235.8,235.74,27.13,218.44,92.7,2.0,92.66140663442775
07:24:46,157745,3.775,194.8,194.81,34.89,196.78,101.0,1.8,101.01124172270417
07:25:47,157881,3.772,220.8,220.8,20.57,231.95,105.0,2.0,105.0498188405797
07:26:47,158017,3.77,158.1,158.12,25.1,190.81,120.7,1.7,120.67417151530483
07:27:47,158155,3.768,159.2,159.19,28.14,196.33,123.3,1.7,123.3306112192977
07:28:47,158287,3.766,184.1,184.11,26.04,194.35,105.5,1.9,105.56189234696647
07:29:47,158421,3.764,168.5,168.41,22.73,175.32,104.0,1.8,104.1030817647408
07:30:48,158559,3.761,158.3,158.33,24.61,171.51,108.3,1.7,108.32438577654266
07:31:48,158692,3.759,201.8,201.78,32.79,191.97,95.1,1.9,95.13826940231935
07:32:48,158827,3.757,179.9,179.9,27.64,182.45,101.4,1.7,101.41745414118955
07:33:48,158962,3.755,229.2,229.21,22.48,214.82,93.7,2.0,93.72191440164042
07:34:48,159100,3.753,169.9,169.89,28.01,191.02,112.4,1.7,112.43745953263877
07:35:48,159226,3.751,239.8,239.8,27.67,238.22,99.3,2.1,99.34111759799833
07:36:48,159349,3.748,233.5,233.49,31.49,209.43,89.7,2.0,89.69549017088526
07:37:49,159470,3.746,224.7,224.73,45.03,222.12,98.8,1.9,98.83860632759311
07:38:49,159594,3.743,228.9,228.87,38.11,208.71,91.2,2.0,91.19150609516319
07:39:50,159723,3.741,240.8,240.78,40.43,215.39,89.4,2.1,89.45510424453859
07:40:50,159856,3.739,174.6,174.56,18.58,200.18,114.7,1.9,114.6769019248396
07:41:50,159996,3.737,189.3,189.3,29.95,172.77,91.3,1.7,91.26782884310617
07:42:50,160128,3.735,189.0,189.0,18.28,201.65,106.7,2.0,106.6931216931217
07:43:51,160266,3.733,179.9,179.84,26.94,207.89,115.6,1.8,115.5971975088968
07:44:51,160398,3.73,172.2,172.14,21.77,186.48,108.3,1.7,108.33042872080865
07:45:51,160532,3.728,180.3,180.31,38.74,184.49,102.3,1.8,102.31822971548999
07:46:51,160668,3.726,184.7,184.69,23.27,195.62,105.9,1.8,105.91802479831068
07:47:52,160804,3.724,203.7,203.65,39.36,207.31,101.8,1.8,101.7972010802848
07:48:52,160938,3.722,213.6,213.54,22.7,200.48,93.9,1.9,93.88404982673036
07:49:52,161072,3.72,228.7,228.68,23.3,213.59,93.4,2.0,93.40125940178415
07:50:53,161206,3.718,277.8,277.75,25.91,239.23,86.1,2.2,86.13141314131413
07:51:53,161343,3.716,180.7,180.7,35.65,183.89,101.8,1.8,101.76535694521307
07:52:53,161481,3.714,179.2,179.23,19.81,186.61,104.1,1.8,104.11761423868772
07:53:53,161614,3.712,194.7,194.72,30.52,198.95,102.2,1.8,102.17235004108464
07:54:54,161745,3.71,184.9,184.87,17.99,222.53,120.4,2.0,120.37107156380159
07:55:54,161878,3.708,217.1,217.13,17.17,199.08,91.7,2.1,91.6870077833556
07:56:54,162015,3.706,186.9,186.84,17.08,195.31,104.5,1.9,104.53329051594947
07:57:54,162147,3.704,180.2,180.16,18.46,199.31,110.6,1.8,110.62944049733571
07:58:54,162280,3.702,188.9,188.85,26.42,211.63,112.1,1.9,112.06248345247552
07:59:55,162411,3.7,205.4,205.35,33.61,211.17,102.8,1.9,102.83418553688824
08:00:55,162555,3.698,199.2,199.2,23.11,191.6,96.2,1.8,96.18473895582329
08:01:55,162697,3.696,182.5,182.52,26.96,188.19,103.1,1.7,103.10650887573964
08:02:55,162837,3.694,203.1,203.08,36.94,197.99,97.5,1.8,97.49359858183966
08:03:55,162977,3.692,203.7,203.7,20.15,196.85,96.6,2.0,96.6372115856652
08:04:56,163119,3.69,163.7,163.73,19.21,182.49,111.4,1.7,111.45788798631895
08:05:56,163255,3.688,201.6,201.54,35.17,197.41,97.9,1.8,97.95077900168701
08:06:56,163397,3.687,181.6,181.6,31.88,184.34,101.5,1.7,101.50881057268722
08:07:57,163536,3.685,222.6,222.58,46.61,204.85,92.0,1.9,92.03432473717315
08:08:57,163677,3.683,167.8,167.79,18.49,168.13,100.2,1.6,100.20263424518744
08:09:57,163805,3.681,191.5,191.52,21.48,211.62,110.5,1.9,110.49498746867167
08:10:57,163858,3.677,1078.9,1078.86,23.83,674.14,62.5,5.6,62.486328161207204
08:11:58,163934,3.674,267.6,267.54,42.47,244.97,91.6,2.1,91.56387829857216
08:12:58,164056,3.672,204.2,204.21,14.95,200.06,98.0,1.9,97.96777826746975
08:13:58,164178,3.669,231.6,231.63,25.03,244.58,105.6,2.0,105.59081293442128
08:14:59,164304,3.667,256.9,256.92,29.87,211.07,82.2,2.0,82.1539778919508
08:16:00,164444,3.665,186.4,186.43,24.01,208.96,112.1,1.9,112.0849648661696
08:17:00,164582,3.663,176.7,176.73,42.9,196.61,111.2,1.8,111.24879760086007
08:18:00,164719,3.662,207.9,207.85,23.68,179.91,86.6,1.9,86.55761366369978
08:19:00,164855,3.66,183.7,183.73,29.72,194.14,105.7,1.7,105.6659228215316
08:20:00,164994,3.658,210.9,210.92,35.74,197.69,93.7,1.9,93.72747961312346
08:21:01,165132,3.656,206.3,206.27,21.38,207.65,100.7,1.9,100.66902603383913
08:22:01,165267,3.654,181.6,181.58,24.37,190.28,104.8,1.8,104.79127657230971
08:23:01,165402,3.652,225.0,224.98,26.75,208.56,92.7,2.0,92.70157347319763
08:24:02,165537,3.65,224.9,224.93,37.44,224.67,99.9,2.0,99.88440848263905
08:25:02,165670,3.649,211.4,211.34,29.39,199.67,94.5,1.9,94.47809217374846
08:26:03,165796,3.646,228.5,228.53,24.59,233.72,102.3,2.0,102.27103662538835
08:27:03,165907,3.644,266.5,266.44,32.4,248.31,93.2,2.2,93.19546614622429
08:28:03,166016,3.642,221.6,221.57,28.64,289.03,130.4,2.0,130.44636006679605
08:29:03,166125,3.639,293.4,293.38,26.88,269.27,91.8,2.3,91.7819892289863
08:30:04,166228,3.637,283.7,283.59,23.99,260.96,92.0,2.3,92.02016996367996
08:31:04,166360,3.635,186.8,186.82,21.07,201.22,107.7,1.9,107.7079541804946
08:32:04,166494,3.633,223.8,223.78,31.82,221.6,99.0,1.9,99.02582893913664
08:33:04,166609,3.631,276.9,276.83,25.08,249.25,90.0,2.2,90.0372069501138
08:34:05,166720,3.628,213.4,213.36,21.84,208.38,97.7,2.0,97.66591676040494
08:35:05,166853,3.626,180.6,180.6,34.23,194.13,107.5,1.7,107.49169435215947
08:36:05,166991,3.625,179.6,179.62,21.98,193.24,107.6,1.8,107.58267453512971
08:37:05,167128,3.623,190.7,190.71,24.52,218.43,114.5,1.9,114.5351580934403
08:38:05,167264,3.621,203.0,203.0,31.95,207.77,102.3,1.8,102.34975369458128
08:39:06,167403,3.619,254.9,254.85,23.32,236.52,92.8,2.1,92.80753384343731
08:40:07,167538,3.618,279.0,278.94,26.78,239.78,86.0,2.0,85.96113859611386
08:41:07,167674,3.616,191.4,191.36,18.76,177.67,92.8,1.8,92.8459448160535
08:42:07,167811,3.614,186.8,186.77,23.73,197.21,105.6,1.8,105.5897628098731
08:43:08,167946,3.612,226.3,226.33,45.76,192.45,85.0,1.9,85.03070737418813
08:44:08,168084,3.611,188.9,188.86,17.5,193.01,102.2,1.9,102.19739489568992
08:45:09,168220,3.609,211.6,211.57,35.44,192.02,90.8,1.9,90.75955948385878
08:46:09,168356,3.607,169.6,169.59,22.18,184.76,108.9,1.7,108.94510289521787
08:47:09,168492,3.605,169.3,169.28,25.26,186.77,110.3,1.7,110.33199432892249
08:48:09,168627,3.604,183.8,183.82,19.62,192.52,104.7,1.8,104.73289087150474
08:49:10,168765,3.602,200.5,200.49,23.72,188.59,94.1,1.9,94.06454187241259
08:50:11,168903,3.6,186.1,186.04,26.5,224.72,120.8,1.9,120.79122769296926
08:51:11,169037,3.598,199.9,199.88,30.39,210.64,105.4,1.8,105.38322993796278
08:52:12,169170,3.597,219.3,219.25,39.24,234.06,106.7,1.9,106.75484606613455
08:53:12,169308,3.595,204.6,204.59,20.2,199.16,97.3,1.9,97.34591133486485
08:54:13,169443,3.593,201.1,201.04,40.77,209.32,104.1,1.9,104.11858336649424
08:55:13,169576,3.591,186.6,186.58,25.76,208.38,111.7,1.9,111.68399614106549
08:56:13,169707,3.59,199.6,199.56,18.39,190.32,95.4,1.9,95.36981358989777
08:57:13,169839,3.588,195.5,195.46,32.38,191.44,97.9,1.8,97.9433132098639
08:58:14,169971,3.586,220.7,220.7,29.89,198.16,89.8,1.9,89.78704123244223
08:59:14,170108,3.584,179.2,179.18,42.77,191.37,106.8,1.7,106.80321464449158
09:00:15,170238,3.582,259.9,259.87,25.54,219.78,84.6,2.1,84.57305575864855
09:01:15,170352,3.58,269.1,269.06,28.4,268.88,99.9,2.4,99.93310042369731
09:02:16,170455,3.578,285.2,285.2,30.14,279.89,98.1,2.3,98.13814866760168
09:03:16,170556,3.576,396.2,396.15,28.18,321.73,81.2,2.7,81.21418654550045
09:04:16,170653,3.573,385.8,385.76,29.2,290.85,75.4,2.6,75.39661965989217
09:05:16,170756,3.571,288.4,288.39,39.42,246.82,85.6,2.2,85.5854918686501
09:06:17,170891,3.569,175.7,175.5,32.71,181.42,103.3,1.7,103.37321937321937
09:07:17,171025,3.567,181.3,181.29,28.58,192.21,106.0,1.7,106.02349826245243
09:08:17,171155,3.566,184.2,184.22,32.36,195.52,106.1,1.8,106.13397025295842
09:09:17,171286,3.564,198.2,198.16,21.11,192.04,96.9,1.9,96.91158659668955
09:10:18,171402,3.562,804.6,804.62,37.92,509.12,63.3,4.5,63.27458924709801
09:11:19,171447,3.558,1046.8,1046.75,24.95,638.9,61.0,5.5,61.03654167661811
09:12:19,171504,3.555,310.0,310.04,25.47,253.09,81.6,2.4,81.63140239969036
09:13:20,171636,3.553,197.1,197.11,37.31,194.56,98.7,1.8,98.70630612348434
09:14:20,171772,3.552,203.4,203.43,20.7,196.33,96.5,1.9,96.50985597011257
09:15:21,171906,3.55,206.9,206.87,43.92,200.91,97.1,1.9,97.11896360032871
09:16:21,172034,3.548,207.6,207.59,35.03,214.71,103.4,1.9,103.42983766077364
09:17:21,172143,3.546,339.7,339.71,26.84,292.63,86.1,2.4,86.14112036737218
09:18:23,172245,3.544,375.2,374.86,16.16,293.71,78.3,2.7,78.3519180494051
09:19:23,172347,3.541,307.9,307.91,30.61,264.73,86.0,2.4,85.97642168166021
09:20:23,172449,3.539,292.1,292.13,30.57,255.74,87.5,2.3,87.54321706089755
09:21:23,172567,3.537,160.1,160.07,22.32,188.16,117.5,1.7,117.54857249953146
09:22:23,172698,3.535,190.9,190.86,24.49,202.09,105.9,1.8,105.88389395368333
09:23:24,172831,3.534,183.5,183.46,32.04,176.96,96.4,1.7,96.45699335004905
09:24:24,172962,3.532,204.3,204.28,18.83,200.24,98.0,1.9,98.02232230272175
09:25:24,173096,3.53,169.5,169.44,24.34,203.06,119.8,1.7,119.84183191690273
09:26:25,173229,3.529,194.0,194.0,25.09,211.92,109.2,1.9,109.23711340206185
09:27:25,173360,3.527,187.4,187.41,19.17,200.09,106.8,1.8,106.76591430553333
09:28:25,173490,3.525,236.3,236.31,30.62,247.38,104.7,2.1,104.68452456518979
09:29:26,173625,3.524,222.0,222.01,21.52,206.69,93.1,2.0,93.09940993648935
09:30:26,173760,3.522,194.5,194.44,47.57,180.25,92.7,1.8,92.70211890557499
09:31:26,173890,3.521,211.0,211.03,24.1,201.81,95.6,1.9,95.6309529450789
09:32:26,174023,3.519,209.4,209.39,22.77,182.4,87.1,1.8,87.11017718133627
09:33:26,174156,3.517,198.7,198.73,45.25,202.23,101.8,1.9,101.7611835153223
09:34:27,174288,3.516,222.9,222.86,32.67,209.81,94.1,1.9,94.14430584223278
09:35:27,174423,3.514,181.0,181.02,24.19,188.95,104.4,1.8,104.38073141089382
09:36:27,174554,3.513,230.5,230.44,37.92,205.24,89.1,1.8,89.0643985419198
09:37:27,174682,3.511,202.6,202.59,25.5,200.82,99.1,1.9,99.12631423071227
09:38:27,174816,3.509,166.6,166.58,17.77,185.65,111.4,1.7,111.44795293552646
09:39:27,174945,3.508,244.5,244.46,23.93,222.51,91.0,2.1,91.02102593471324
09:40:27,175067,3.506,220.6,220.57,16.84,228.32,103.5,1.9,103.51362379290022
09:41:28,175182,3.504,275.7,275.66,26.92,256.11,92.9,2.2,92.90793005876805
09:42:28,175299,3.502,197.5,197.49,29.38,220.67,111.7,1.9,111.7373031545901
09:43:28,175416,3.5,267.3,267.27,46.37,239.64,89.7,2.2,89.66213940958582
09:44:29,175542,3.499,228.5,228.44,47.94,229.98,100.7,2.0,100.67413762913675
09:45:29,175674,3.497,192.0,191.77,28.23,190.94,99.5,1.9,99.56718986285654
09:46:29,175807,3.496,202.0,201.94,21.59,203.44,100.7,1.9,100.74279488957116
09:47:29,175939,3.494,185.6,185.55,41.48,221.86,119.6,1.8,119.5688493667475
09:48:29,176070,3.492,212.1,212.07,29.06,220.58,104.0,1.9,104.01282595369454
09:49:30,176199,3.491,211.8,211.81,19.65,222.29,104.9,2.0,104.94783060289882
09:50:30,176331,3.489,226.4,226.34,21.84,233.58,103.2,2.1,103.19872757798002
09:51:30,176462,3.488,198.2,198.22,41.43,204.8,103.3,1.7,103.31954394107558
09:52:30,176592,3.486,261.8,261.82,31.09,229.8,87.8,2.1,87.77022381789016
09:53:30,176720,3.485,230.1,230.09,31.02,213.43,92.8,2.0,92.75935503498631
09:54:30,176853,3.483,169.5,169.51,20.64,192.45,113.5,1.7,113.53312488938707
09:55:31,176982,3.481,195.6,195.61,39.99,198.56,101.5,1.8,101.50810285772711
09:56:31,177113,3.48,189.4,189.34,31.8,202.52,107.0,1.8,106.96102249920777
09:57:31,177243,3.478,177.5,177.49,31.04,206.07,116.1,1.7,116.1023156234154
09:58:31,177370,3.477,234.9,234.84,28.76,222.5,94.7,2.0,94.74535854198604
09:59:32,177489,3.475,238.3,238.28,34.84,225.33,94.6,2.1,94.56521739130434
10:00:32,177601,3.473,272.6,272.62,39.42,264.96,97.2,2.2,97.19022815640817
10:01:32,177716,3.471,235.0,234.98,23.93,236.12,100.5,2.0,100.48514767214232
10:02:32,177826,3.469,285.5,285.51,24.74,264.11,92.5,2.3,92.50464081818501
10:03:32,177939,3.467,264.3,264.28,32.01,242.6,91.8,2.1,91.79657938550024
10:04:32,178047,3.465,243.0,243.03,29.81,256.84,105.7,2.1,105.68242603793769
10:05:33,178164,3.464,291.7,291.69,24.21,253.06,86.8,2.3,86.75648805238438
10:06:34,178284,3.462,189.8,189.77,29.33,264.6,139.4,2.2,139.43194393212838
10:07:34,178400,3.46,210.7,210.68,25.34,230.08,109.2,2.0,109.20827795709133
10:08:34,178515,3.458,202.8,202.75,37.03,218.54,107.8,2.0,107.78791615289765
10:09:35,178638,3.457,250.0,250.01,35.81,241.52,96.6,2.1,96.60413583456662
10:10:36,178725,3.454,978.7,978.72,28.16,604.7,61.8,5.4,61.78478012097434
10:11:37,178770,3.451,1118.0,1117.97,38.26,667.41,59.7,5.8,59.69838188860166
10:12:38,178816,3.448,1075.2,1075.23,26.8,658.29,61.2,5.6,61.22318015680366
10:13:38,178918,3.446,220.8,220.74,23.25,210.22,95.2,2.0,95.23421219534293
10:14:38,179046,3.444,210.9,210.87,34.83,217.07,102.9,1.9,102.94020012329871
10:15:38,179174,3.443,184.5,184.45,19.47,204.93,111.1,1.9,111.1032800216861
10:16:38,179306,3.441,181.2,181.19,37.21,178.36,98.4,1.7,98.4381036481042
10:17:39,179431,3.44,208.1,208.05,36.85,225.55,108.4,1.9,108.4114395577986
10:18:39,179545,3.438,226.7,226.69,33.48,216.74,95.6,1.9,95.61074595262252
10:19:39,179637,3.436,456.0,456.03,21.24,361.52,79.3,3.1,79.27548626186874
10:20:40,179733,3.434,280.9,280.88,21.52,257.75,91.8,2.2,91.7651666191968
10:21:40,179821,3.431,398.5,398.5,27.25,314.52,78.9,2.8,78.92597239648683
10:22:41,179919,3.429,353.2,352.96,30.69,311.18,88.1,2.6,88.16296464188576
10:23:41,180037,3.428,202.2,202.15,23.28,214.27,106.0,1.9,105.99554786049963
10:24:42,180166,3.426,179.5,179.52,19.31,204.72,114.0,1.8,114.03743315508021
10:25:42,180295,3.425,175.6,175.55,22.93,197.22,112.3,1.8,112.3440615209342
10:26:42,180424,3.423,235.9,235.88,34.0,211.43,89.6,2.0,89.63455994573512
10:27:42,180551,3.422,178.8,178.75,26.35,199.33,111.5,1.8,111.51328671328672
10:28:43,180682,3.42,214.3,214.31,25.14,227.21,106.0,2.0,106.01931781064812
10:29:43,180810,3.419,201.2,201.16,21.68,220.85,109.8,1.9,109.7882282759992
10:30:43,180941,3.417,218.0,217.96,18.88,204.11,93.6,1.9,93.64562305010094
10:31:43,181066,3.416,251.8,251.74,24.93,244.77,97.2,2.1,97.23127035830619
10:32:45,181194,3.414,302.1,302.1,57.45,291.88,96.6,2.2,96.61701423369745
10:33:45,181323,3.413,242.6,242.6,38.0,219.26,90.4,2.1,90.37922506183017
10:34:45,181450,3.411,209.1,209.05,37.87,199.3,95.3,2.0,95.33604400861037
10:35:46,181582,3.41,185.0,184.78,26.39,182.42,98.6,1.7,98.72280549843056
10:36:46,181709,3.408,204.6,204.62,18.26,223.51,109.2,2.0,109.23174665233115
10:37:46,181836,3.407,203.2,203.2,16.57,208.84,102.8,1.9,102.77559055118111
10:38:46,181965,3.406,181.6,181.6,25.84,207.98,114.5,1.8,114.52643171806167
10:39:46,182092,3.404,193.5,193.46,22.7,197.54,102.1,1.8,102.10896309314586
10:40:47,182220,3.403,263.7,263.72,44.07,239.98,91.0,2.0,90.99802821173971
10:41:48,182346,3.401,242.4,242.39,35.33,217.4,89.7,2.0,89.69016873633402
10:42:48,182472,3.4,251.2,251.14,29.71,218.29,86.9,2.1,86.91964641235964
10:43:48,182598,3.398,206.9,206.85,26.5,229.41,110.9,2.0,110.90645395213923
10:44:48,182722,3.397,246.9,246.84,23.7,274.34,111.1,2.3,111.14081996434936
10:45:48,182850,3.395,217.5,217.48,45.03,221.01,101.6,1.9,101.623137759794
10:46:48,182974,3.394,224.9,224.9,24.73,234.83,104.4,2.1,104.41529568697199
10:47:49,183094,3.392,223.2,223.15,26.84,221.64,99.3,2.1,99.32332511763387
10:48:49,183216,3.391,235.4,235.34,32.59,236.34,100.4,2.1,100.42491714115748
10:49:49,183340,3.389,206.6,206.57,38.37,237.27,114.9,1.9,114.86179019218667
10:50:50,183458,3.388,175.7,175.65,18.0,235.08,133.8,2.0,133.83432963279247
10:51:50,183576,3.386,268.1,268.11,27.15,258.35,96.4,2.3,96.35970310693374
10:52:51,183681,3.384,316.7,316.7,29.64,280.23,88.5,2.6,88.48437006630881
10:53:51,183779,3.382,275.1,275.08,23.06,284.92,103.6,2.3,103.57714119528865
10:54:51,183878,3.38,289.4,289.36,46.37,283.05,97.8,2.4,97.81932540779651
10:55:51,183973,3.378,288.7,288.64,31.24,286.66,99.3,2.4,99.31402439024392
10:56:51,184066,3.376,417.3,417.32,33.35,359.75,86.2,2.9,86.20483082526599
10:57:51,184172,3.375,199.2,199.19,29.15,210.35,105.6,1.8,105.60269089813745
10:58:52,184290,3.373,221.5,221.52,42.71,214.01,96.6,1.9,96.60978692668833
10:59:52,184407,3.371,215.8,215.8,26.75,233.92,108.4,2.0,108.39666357738646
11:00:52,184530,3.37,220.3,220.28,21.51,218.04,99.0,1.9,98.98311240239696
11:01:53,184656,3.369,202.9,202.93,29.64,211.89,104.4,1.9,104.41531562607796
11:02:53,184782,3.367,219.9,219.85,20.58,220.22,100.2,1.9,100.16829656584035
11:03:53,184909,3.366,199.5,199.48,30.02,205.57,103.0,1.9,103.05293763785843
11:04:54,185037,3.364,204.7,204.73,30.66,192.98,94.3,1.9,94.26073364919651
11:05:54,185163,3.363,200.8,200.76,23.29,201.87,100.5,1.8,100.55289898386133
11:06:54,185289,3.362,219.1,219.09,28.24,220.28,100.5,2.0,100.54315578072938
11:07:54,185415,3.36,205.4,205.35,24.02,236.22,115.0,1.9,115.03287070854638
11:08:55,185538,3.359,278.7,278.68,27.28,264.11,94.8,2.2,94.77178125448543
11:09:55,185666,3.357,176.3,176.32,23.71,179.2,101.6,1.7,101.63339382940109
11:10:57,185724,3.355,1138.7,1138.71,30.12,663.6,58.3,5.9,58.27647074320942
11:11:58,185770,3.352,1089.3,1089.28,37.65,654.12,60.1,5.7,60.05067567567568
11:12:59,185814,3.349,1076.6,1076.59,30.69,655.09,60.8,5.8,60.848605318644985
11:13:59,185916,3.347,194.4,194.4,31.09,191.44,98.5,1.8,98.47736625514403
11:14:59,186040,3.346,222.1,222.13,32.15,219.48,98.8,2.0,98.80700490703643
11:15:59,186166,3.344,185.8,185.77,29.53,206.69,111.3,1.9,111.26123701351132
11:16:59,186282,3.343,237.5,237.49,25.02,255.49,107.6,2.1,107.57926649543138
11:18:00,186384,3.341,404.1,404.05,29.89,313.01,77.5,2.8,77.46813513179062
11:19:01,186471,3.339,330.2,330.21,32.55,297.72,90.2,2.5,90.16080675933499
11:20:01,186556,3.337,408.9,408.85,20.52,320.94,78.5,2.8,78.49822673352085
11:21:02,186643,3.335,495.0,494.94,27.45,369.7,74.7,3.3,74.69592273810967
11:22:02,186734,3.333,313.1,313.13,28.75,300.94,96.1,2.5,96.10704819084725
11:23:02,186846,3.331,282.2,282.15,45.43,263.1,93.2,2.1,93.24827219564064
11:24:02,186971,3.33,232.7,232.65,26.66,226.4,97.3,2.1,97.31356114334838
11:25:02,187084,3.328,264.6,264.6,38.89,234.44,88.6,2.1,88.60166288737716
11:26:03,187190,3.327,292.0,291.98,36.29,248.48,85.1,2.3,85.10171929584217
11:27:03,187294,3.325,290.6,290.54,19.83,273.84,94.2,2.4,94.25208232945548
11:28:04,187401,3.323,225.1,225.11,20.4,241.79,107.4,2.0,107.4097108080494
11:29:04,187506,3.322,300.7,300.69,31.16,268.3,89.2,2.4,89.2281086833616
11:30:04,187623,3.32,196.6,196.6,39.26,206.3,104.9,1.8,104.93387589013226
11:31:05,187744,3.319,261.8,261.78,24.8,242.79,92.7,2.3,92.74581709832685
11:32:05,187869,3.317,226.8,226.79,23.04,223.67,98.6,2.0,98.62427796640064
11:33:06,187993,3.316,206.0,206.03,20.05,218.13,105.9,1.9,105.87293112653497
11:34:06,188118,3.315,210.0,209.98,20.83,212.34,101.1,1.9,101.12391656348224
11:35:06,188238,3.313,224.3,224.27,19.22,237.0,105.7,2.1,105.6761938734561
11:36:07,188364,3.312,295.9,295.93,25.67,256.92,86.8,2.2,86.81782854053323
11:37:07,188488,3.311,220.7,220.67,26.68,225.1,102.0,2.0,102.00752254497667
11:38:08,188613,3.309,210.5,210.47,32.33,209.85,99.7,2.0,99.70542120017105
11:39:08,188736,3.308,246.5,246.48,49.86,252.55,102.5,2.2,102.46267445634534
11:40:08,188862,3.307,235.8,235.74,47.07,235.25,99.8,2.0,99.7921438873335
11:41:08,188985,3.305,229.2,229.22,20.76,224.56,98.0,2.0,97.96701858476573
11:42:09,189109,3.304,169.9,169.85,23.67,215.3,126.7,1.8,126.75890491610245
11:43:09,189233,3.303,216.1,216.1,24.14,219.1,101.4,2.0,101.388246182323
11:44:09,189354,3.301,216.0,215.95,26.09,222.27,102.9,2.0,102.92660338041213
11:45:09,189475,3.3,239.3,239.29,47.95,222.73,93.1,2.0,93.07952693384597
11:46:10,189600,3.299,243.7,243.7,51.76,231.09,94.8,2.1,94.82560525235947
11:47:10,189722,3.297,222.1,222.12,28.77,244.5,110.1,2.0,110.07563479200432
11:48:10,189830,3.296,257.3,257.27,33.71,270.07,105.0,2.2,104.97531775955223
11:49:11,189937,3.294,295.2,295.23,19.47,261.26,88.5,2.3,88.49371676320156
11:50:11,190047,3.293,210.9,210.88,18.88,215.31,102.1,2.0,102.10072078907436
11:51:12,190155,3.291,273.8,273.8,21.9,252.33,92.2,2.3,92.15850986121256
11:52:12,190263,3.29,218.3,218.24,21.4,225.88,103.5,2.1,103.50073313782991
11:53:12,190382,3.288,228.1,228.1,27.15,224.02,98.2,2.0,98.21131082858396
11:54:12,190506,3.287,198.7,198.6,33.78,218.4,109.9,1.9,109.96978851963746
11:55:12,190626,3.286,257.2,257.16,48.97,229.3,89.2,2.1,89.16627780370197
11:56:12,190748,3.284,177.7,177.73,17.12,201.85,113.6,1.8,113.57114724582232
11:57:13,190869,3.283,233.5,233.5,27.51,234.64,100.5,2.1,100.4882226980728
11:58:13,190992,3.282,220.5,220.44,26.49,231.28,104.9,2.1,104.91743785156959
11:59:14,191115,3.28,209.4,209.42,26.31,224.81,107.3,2.0,107.34886830293192
12:00:14,191234,3.279,223.0,223.03,22.97,226.54,101.6,1.9,101.57377931220014
12:01:15,191355,3.278,300.1,300.11,27.1,277.97,92.6,2.2,92.62270500816368
12:02:15,191479,3.276,185.1,185.11,26.54,209.35,113.1,1.8,113.09491653611366
12:03:15,191601,3.275,227.5,227.49,43.7,228.94,100.6,2.0,100.63739065453426
12:04:16,191723,3.274,196.4,196.34,20.38,211.01,107.5,1.9,107.47173270856678
12:05:16,191846,3.273,186.2,186.21,21.93,200.76,107.8,1.9,107.81375865957789
12:06:16,191964,3.271,243.6,243.6,24.19,243.16,99.8,2.1,99.81937602627258
12:07:16,192084,3.27,239.0,239.01,49.16,244.5,102.3,2.0,102.29697502196561
12:08:17,192207,3.269,194.2,194.21,19.58,208.54,107.4,2.0,107.37861078214304
12:09:17,192330,3.267,223.7,223.65,21.81,232.14,103.8,2.1,103.79610999329309
12:10:18,192443,3.266,570.3,570.28,23.03,400.54,70.2,3.5,70.23567370414534
12:11:18,192485,3.263,964.8,964.83,38.51,617.83,64.0,5.1,64.03511499435135
12:12:18,192527,3.261,1035.9,1035.84,29.43,654.77,63.2,5.3,63.211499845536
12:13:21,192570,3.258,1128.8,1128.8,44.64,706.82,62.6,5.7,62.6169383416017
12:14:21,192666,3.256,232.8,232.8,37.77,212.29,91.2,2.0,91.18986254295532
12:15:21,192788,3.255,225.3,225.31,33.22,223.67,99.3,2.0,99.27211397629932
12:16:21,192906,3.254,238.4,238.38,28.51,224.46,94.2,2.1,94.16058394160584
12:17:22,193024,3.252,210.3,210.32,30.13,223.1,106.1,2.0,106.07645492582732
12:18:22,193142,3.251,232.8,232.79,19.77,233.56,100.3,2.2,100.33077022208857
12:19:22,193245,3.25,312.5,312.48,25.62,280.07,89.6,2.4,89.62813620071684
12:20:22,193340,3.248,239.6,239.54,32.17,249.19,104.0,2.1,104.02855472989897
12:21:23,193433,3.246,327.6,327.54,23.86,288.85,88.2,2.4,88.18770226537218
12:22:23,193521,3.244,410.9,410.9,23.06,343.03,83.5,2.9,83.48259917254806
12:23:23,193608,3.243,394.7,394.68,26.74,335.81,85.1,2.8,85.08411877977095
12:24:23,193701,3.241,298.6,298.54,25.05,286.66,96.0,2.4,96.02063375092115
12:25:24,193824,3.24,271.7,271.72,21.56,253.55,93.3,2.2,93.312969233034
12:26:24,193944,3.238,210.1,210.06,19.46,215.3,102.5,2.0,102.49452537370276
12:27:24,194063,3.237,189.0,188.75,17.65,203.05,107.4,1.9,107.57615894039735
12:28:25,194187,3.236,198.5,198.48,20.15,213.94,107.8,1.9,107.78919790407095
12:29:25,194306,3.235,199.2,199.15,23.67,210.06,105.5,1.9,105.47828270148129
12:30:25,194418,3.233,260.1,260.13,24.34,254.89,98.0,2.2,97.98562257332873
12:31:26,194520,3.232,334.7,334.68,25.54,289.34,86.5,2.6,86.45273096689374
12:32:26,194621,3.23,268.5,267.92,18.51,268.46,100.0,2.4,100.20155270229917
12:33:26,194733,3.229,198.4,198.4,26.61,224.24,113.0,2.0,113.02419354838709
12:34:26,194854,3.228,190.9,190.9,22.12,205.67,107.7,1.9,107.73703509690937
12:35:26,194973,3.226,216.9,216.89,20.59,211.8,97.6,1.9,97.65318825210937
12:36:27,195093,3.225,237.1,237.04,39.18,226.69,95.6,2.0,95.63364832939588
12:37:27,195216,3.224,290.7,290.7,49.03,253.0,87.0,2.1,87.03130374957
12:38:28,195336,3.223,252.0,252.0,33.44,259.93,103.1,2.1,103.14682539682539
12:39:28,195456,3.221,228.0,227.98,32.72,229.66,100.7,2.1,100.73690674620582
12:40:28,195573,3.22,229.6,229.61,29.47,230.8,100.5,2.1,100.51827011018683
12:41:28,195691,3.219,226.8,226.77,32.42,222.09,97.9,2.0,97.93623495171319
12:42:29,195810,3.218,234.9,234.85,38.9,221.11,94.1,2.0,94.14945710027678
12:43:29,195930,3.216,223.5,223.47,30.0,222.19,99.4,2.0,99.42721618114288
12:44:29,196048,3.215,256.6,256.54,38.1,253.42,98.8,2.2,98.78381538941295
12:45:29,196169,3.214,204.7,204.7,22.88,216.2,105.6,1.9,105.6179775280899
12:46:30,196280,3.213,237.6,237.57,53.65,247.59,104.2,2.1,104.21770425558783
12:47:30,196377,3.211,310.0,310.01,25.78,290.38,93.7,2.5,93.66794619528403
12:48:30,196462,3.209,475.1,475.04,23.88,367.44,77.3,3.2,77.34927585045469
12:49:31,196549,3.208,416.0,415.96,52.43,333.92,80.3,2.8,80.27694970670257
12:50:32,196632,3.206,429.0,428.94,29.74,362.09,84.4,3.0,84.4150697067189
13:33:36,1017,16.938,26.3,26.27,2.63,0.19,0.7,0.4,0.723258469737343
13:34:36,1890,15.731,34.5,34.46,7.57,1.65,4.8,0.4,4.788160185722576
13:35:36,2630,14.593,44.3,44.25,11.49,6.16,13.9,0.6,13.92090395480226
13:36:37,3213,13.371,44.8,44.78,13.85,5.11,11.4,0.7,11.411344350156321
13:37:37,3812,12.692,36.6,36.62,10.32,5.23,14.3,0.6,14.28181321682141
13:38:37,4364,12.106,50.2,50.18,12.59,4.26,8.5,0.6,8.48943802311678
13:39:37,4907,11.669,37.0,37.02,9.65,5.19,14.0,0.5,14.019448946515396
13:40:37,5483,11.41,44.0,43.98,10.28,4.86,11.0,0.6,11.05047748976808
13:41:37,6044,11.181,41.2,41.18,12.05,4.47,10.8,0.5,10.8547838756678
13:42:37,6593,10.977,44.6,44.56,9.64,4.97,11.1,0.6,11.153500897666067
13:45:21,429,7.143,73.8,73.77,12.04,49.48,67.1,0.7,67.07333604446252
13:46:22,801,6.652,109.5,109.53,21.38,79.87,72.9,0.8,72.92066100611704
13:47:22,1110,6.144,108.3,107.93,33.71,79.71,73.6,0.7,73.85342351524135
13:48:22,1477,6.137,81.6,81.59,19.47,59.88,73.4,0.6,73.39134697879642
13:49:22,1858,6.179,81.9,81.85,21.81,62.96,76.9,0.6,76.9211973121564
13:50:22,2226,6.17,93.5,93.49,28.35,68.71,73.5,0.7,73.49449138945342
13:51:22,2603,6.186,69.6,69.61,16.1,60.67,87.1,0.7,87.15701766987502
18:04:32,553,9.209,58.3,58.24,13.8,44.74,76.8,0.6,76.82005494505495
18:05:32,1122,9.344,34.3,34.32,10.71,0.0,0.0,0.0,
18:06:32,1936,10.75,23.8,23.78,9.1,0.0,0.0,0.0,
18:07:32,2787,11.606,28.7,28.7,13.29,0.0,0.0,0.0,
18:08:33,3612,12.004,126.1,126.02,105.16,0.0,0.0,0.0,
18:12:00,990,16.463,36.8,36.81,9.31,0.0,0.0,0.0,
18:13:00,1690,14.067,46.1,46.07,14.43,0.0,0.0,0.0,
18:14:01,2481,13.766,30.7,30.65,13.66,0.0,0.0,0.0,
18:15:01,3366,14.01,30.9,30.88,14.13,0.0,0.0,0.0,
18:16:01,4239,14.117,38.1,38.09,10.77,0.0,0.0,0.0,
18:17:01,5076,14.087,37.1,37.12,13.92,0.0,0.0,0.0,
19:03:00,565,9.415,46.7,46.73,13.98,38.85,83.1,0.6,83.1371709822384
19:04:00,1169,9.741,142.9,142.85,21.59,0.29,0.2,0.0,0.20301015050752536
19:05:00,1435,7.97,157.4,157.39,24.11,0.0,0.0,0.0,
19:06:00,1704,7.098,247.2,247.15,33.18,16.48,6.7,0.1,6.668015375278171
19:07:00,1871,6.232,285.2,285.19,35.22,92.81,32.5,0.8,32.5432168028332
08:38:02,1089,18.141,19.8,19.8,0.68,0.02,0.1,0.3,0.10101010101010101
08:39:02,2055,17.119,16.6,16.54,0.62,0.03,0.2,0.4,0.18137847642079807
08:40:02,3167,17.589,6.2,6.2,0.92,0.0,0.0,0.0,
08:41:02,4452,18.544,14.4,14.43,1.31,0.0,0.0,0.0,
08:42:02,5684,18.937,13.0,13.0,1.97,0.0,0.0,0.0,
08:43:02,6784,18.836,11.8,11.8,2.09,0.0,0.0,0.0,
08:44:02,7884,18.764,12.9,12.92,2.04,0.0,0.0,0.0,
08:45:02,9009,18.761,10.8,10.77,2.59,0.0,0.0,0.0,
08:46:02,10114,18.722,12.8,12.8,3.9,0.0,0.0,0.0,
08:47:02,11253,18.747,12.3,12.33,3.63,0.0,0.0,0.0,
08:48:02,12348,18.7,17.2,17.16,2.7,0.0,0.0,0.0,
08:49:02,13464,18.691,16.8,16.76,2.86,0.0,0.0,0.0,
08:50:02,14545,18.639,12.8,12.84,3.2,0.0,0.0,0.0,
08:51:02,15588,18.548,22.2,22.14,3.34,0.0,0.0,0.0,
08:52:02,16641,18.481,12.6,12.61,2.55,0.0,0.0,0.0,
08:53:02,17630,18.355,15.0,14.94,2.8,0.0,0.0,0.0,
08:54:02,18564,18.189,28.2,28.19,10.94,0.0,0.0,0.0,
09:37:49,844,14.06,31.8,31.76,2.76,7.95,25.0,0.4,25.031486146095716
